	hate-words
0	hvg
1	braids
2	responded
3	settlement
4	tolerance
5	developer
6	raceonly
7	humiliated
8	butt
9	experienced
10	decolonizing
11	beer
12	bellyup
13	students
14	foolish
15	alt
16	oppressor
17	back
18	lady
19	stoptalking
20	kwanza
21	prisoners
22	cowboys
23	khan
24	blessampkeep
25	towards
26	iswar
27	sam
28	crooked
29	bluelivesmatter
30	manning
31	save
32	excrement
33	goodluck
34	disney
35	obamas
36	definitely
37	neilerikson
38	alway
39	israelikpop
40	straght
41	socialmedia
42	relates
43	exit
44	light
45	boundaries
46	sites
47	soros
48	bih
49	barrackobama
50	tyler
51	exist
52	lid
53	each
54	oligarch
55	oppose
56	therere
57	ebook
58	blue
59	timing
60	stereotype
61	role
62	venezuela
63	amerikkka
64	electoralcollege
65	charles
66	twice
67	turmoil
68	posing
69	marco
70	imperialsm
71	love
72	kills
73	semantics
74	kkk
75	bozzoli
76	ignorance
77	wilfully
78	access
79	community
80	uae
81	attendants
82	really
83	ushistory
84	fuck
85	designed
86	land
87	shocked
88	saudi
89	mormon
90	listened
91	expressed
92	notmypres
93	goes
94	littlemix
95	spark
96	loser
97	incessant
98	inside
99	met
100	chant
101	nearly
102	lib
103	rights
104	paris
105	anybody
106	proved
107	muslims
108	care
109	ki
110	directly
111	weakening
112	facebook
113	chicks
114	yesu
115	presidentpussygrabber
116	behavior
117	purpose
118	pun
119	scene
120	existed
121	oscar
122	slander
123	airingofthegrievances
124	emmastone
125	show
126	retard
127	prevented
128	perform
129	lies
130	asians
131	snobs
132	isisnt
133	analysis
134	village
135	distant
136	months
137	word
138	general
139	malayalees
140	fox
141	muthafucka
142	helps
143	activist
144	reparations
145	repug
146	loosahs
147	unstoppable
148	sheets
149	rotten
150	excuse
151	cultures
152	tamirrice
153	bitches
154	props
155	fails
156	trumptrain
157	bodyimage
158	vote
159	injustice
160	htt
161	million
162	poray
163	virgin
164	praised
165	rags
166	ncaa
167	expe
168	starspangledbanner
169	eco
170	engagement
171	prosecute
172	armpit
173	hispanic
174	question
175	islamopho
176	horror
177	calgary
178	schools
179	within
180	unlike
181	run
182	boyden
183	humour
184	hired
185	guessed
186	defunding
187	songs
188	misogynists
189	opkillingbaythecove
190	policing
191	calendar
192	ht
193	hed
194	resolution
195	sure
196	chick
197	slavery
198	kill
199	mixed
200	bigots
201	based
202	falseequavalency
203	reality
204	austin
205	indignenous
206	choices
207	sajnani
208	berlin
209	immature
210	bestfeature
211	palestinians
212	population
213	trust
214	taharrushgamea
215	insulting
216	publicpolicy
217	gegenrechts
218	kindle
219	congrats
220	hull
221	memo
222	acceptable
223	biracial
224	vaw
225	lauren
226	annihilated
227	mock
228	vot
229	secretaryofstate
230	choked
231	tamanna
232	feminismmuktbharat
233	brother
234	try
235	fk
236	plettenburgbay
237	ahole
238	douchewaffle
239	mmiwg
240	dkpol
241	under
242	nye
243	normal
244	fb
245	jeffery
246	italians
247	deeply
248	downwiththetriarchy
249	ifyousawinyouwhatisee
250	requires
251	journalism
252	done
253	complicity
254	parents
255	top
256	biased
257	tens
258	dictate
259	youth
260	ends
261	performance
262	tefugeeswelcome
263	styles
264	condemns
265	phone
266	bots
267	qusay
268	wyou
269	merica
270	every
271	posts
272	journalist
273	actually
274	april
275	player
276	tribune
277	zeroattacks
278	glad
279	attacks
280	lawmakers
281	anywhere
282	woke
283	vine
284	loving
285	explanations
286	scotus
287	husband
288	faisal
289	manus
290	thanksjackasses
291	times
292	hoodiesup
293	fast
294	whitewashing
295	rates
296	slip
297	jackass
298	knew
299	dull
300	oppounity
301	diagram
302	wishlist
303	discrepancy
304	wakeupamericaca
305	hands
306	soreloser
307	opendemocracy
308	female
309	opening
310	leftright
311	optrump
312	make
313	insecurity
314	slaveowner
315	mating
316	packyourshitobama
317	voterid
318	aungsansuukyi
319	fightback
320	demo
321	detroit
322	odds
323	route
324	cuba
325	pointed
326	greentown
327	sale
328	witho
329	disdain
330	capitalist
331	deal
332	faced
333	guzzling
334	lgbti
335	letstalkabout
336	impeachtrump
337	impoance
338	returningcitizens
339	fabulous
340	twitter
341	tolerated
342	socialjus
343	children
344	shelvey
345	stellar
346	rightie
347	returning
348	benghazi
349	honestly
350	fetish
351	ass
352	palestinian
353	hillbots
354	askingoh
355	kickitout
356	agree
357	gt
358	ed
359	aleksandr
360	expressions
361	maryland
362	beware
363	closed
364	close
365	rhoa
366	humans
367	seattle
368	convince
369	culture
370	minoritypresident
371	dummies
372	damonsajnani
373	reversed
374	bringing
375	never
376	anger
377	mei
378	shit
379	reprehensible
380	josephjett
381	familiar
382	minnesotavikings
383	cut
384	caturday
385	yiannopoulos
386	working
387	perry
388	rampant
389	couple
390	else
391	obama
392	newyorker
393	cuz
394	petous
395	impacts
396	hoe
397	upenn
398	wypipo
399	fighting
400	before
401	springst
402	reel
403	espn
404	blackonblack
405	onelove
406	sob
407	ear
408	superhero
409	libtards
410	aberdeen
411	bridges
412	vile
413	shameless
414	radicalism
415	polarisation
416	reminding
417	hoodie
418	deadly
419	whiteaustralianpolicy
420	stepmom
421	prolapsed
422	guard
423	marxs
424	sexualassult
425	nonsensical
426	clarity
427	kitazatoshibasaburo
428	chops
429	bates
430	trumpsamerica
431	threat
432	plethora
433	hebrews
434	seller
435	deploraball
436	plane
437	preferences
438	upf
439	verified
440	boot
441	freemilo
442	favourite
443	wog
444	hasnt
445	immediately
446	extending
447	womenmalayalam
448	loves
449	crabs
450	strangely
451	gay
452	application
453	islamaphobic
454	behind
455	islamophobia
456	candid
457	tyranny
458	varying
459	regime
460	them
461	trumpas
462	arrest
463	science
464	homophobiaenablin
465	probab
466	claim
467	bald
468	heights
469	jan
470	opinion
471	qualified
472	shooting
473	oab
474	storyville
475	instead
476	ukraines
477	thrive
478	orlando
479	willsmith
480	supremacy
481	means
482	nowhere
483	sympathisers
484	rats
485	suck
486	beautiful
487	blunt
488	dismantling
489	expect
490	racewarchess
491	kick
492	election
493	nostrache
494	crow
495	hello
496	supposed
497	gone
498	moonman
499	jlaw
500	positive
501	tories
502	unloads
503	fan
504	crap
505	deserve
506	green
507	hair
508	welleducated
509	progressive
510	bashing
511	jerk
512	trumpleaks
513	antiblack
514	intersectional
515	jonjo
516	reveals
517	tampa
518	wakemeupwhen
519	beat
520	evidence
521	luck
522	narrative
523	refugees
524	scrutinize
525	ones
526	stirs
527	promote
528	allblack
529	urging
530	spin
531	previous
532	judge
533	muslimbrotherhood
534	thekingsspeech
535	speaking
536	overrode
537	millennials
538	hu
539	childabuse
540	vehicle
541	asked
542	humping
543	cancel
544	brexit
545	everytime
546	satisfy
547	coverups
548	uschampion
549	whilst
550	bill
551	shoppers
552	many
553	profiling
554	jeans
555	snapchat
556	duty
557	presidents
558	africans
559	eternity
560	chri
561	segregate
562	alleges
563	commenting
564	donuldtrump
565	greenspans
566	civil
567	problemofwhiteness
568	exists
569	assailed
570	cute
571	canadian
572	alexpascal
573	provide
574	hammock
575	homegrown
576	pros
577	alcohol
578	headlock
579	wheres
580	performing
581	bolt
582	aryans
583	appeal
584	leader
585	condition
586	pridemake
587	wmn
588	new
589	highest
590	tale
591	messages
592	humanrightswatch
593	reali
594	marchampit
595	killallwhitemen
596	correlation
597	wn
598	murrayhaters
599	career
600	cretin
601	degrading
602	largelyunrepentant
603	popularvote
604	claycountydevelopmentcorp
605	crookedtrump
606	dontbuythesun
607	scary
608	procreate
609	need
610	himselffor
611	voted
612	ddnt
613	mars
614	worldcampaign
615	black
616	andysessions
617	sliding
618	condone
619	capone
620	meccalive
621	realhousewives
622	islamicterrorist
623	racewar
624	catalunya
625	actively
626	heroines
627	refuses
628	fn
629	temptation
630	unintentionally
631	cmon
632	dna
633	jetlagged
634	calling
635	dangerwith
636	janeelliot
637	skinheads
638	traffic
639	annoy
640	invited
641	hollaback
642	impoant
643	workshop
644	instilling
645	literacy
646	titties
647	jumpsuit
648	fp
649	outside
650	nosurprise
651	whaling
652	aquifer
653	winner
654	corporatebs
655	looks
656	born
657	ris
658	south
659	although
660	abd
661	hooked
662	washington
663	removed
664	ultraohodox
665	footage
666	poor
667	rushlimbaugh
668	prowar
669	real
670	bollywood
671	sic
672	kumbaya
673	water
674	medicine
675	banks
676	exemplifies
677	depl
678	exclusive
679	starwarsrogueone 
680	notallmen
681	bedifferent
682	male
683	puppet
684	non
685	iniwantto
686	eugenie
687	nbavote
688	slow
689	getting
690	entry
691	died
692	megyn
693	known
694	tape
695	sourcenation
696	revealed
697	joking
698	deadliest
699	baby
700	colonialism
701	tho
702	seconds
703	leg
704	terrorattack
705	dudes
706	car
707	womensordination
708	rockette
709	church
710	seal
711	losing
712	vandals
713	transphobia
714	proven
715	pissing
716	icons
717	vid
718	alive
719	causes
720	aswell
721	ksa
722	pornisforlosers
723	povey
724	throw
725	businesses
726	irony
727	amrica
728	unfittobeinpublicoffice
729	livesbut
730	newswithed
731	become
732	inexistence
733	ceain
734	policeman
735	bds
736	predator
737	over
738	unbelievable
739	master
740	fotiadis
741	democrate
742	tellall
743	rarethous
744	luicalibres
745	hide
746	stones
747	touring
748	publicity
749	beyond
750	eve
751	semiretarded
752	congressman
753	acknowledge
754	threatened
755	taxpayer
756	upsetting
757	misogynist
758	loyal
759	fellow
760	uber
761	preach
762	boycotting
763	george
764	somehow
765	intrusively
766	crusader
767	claiming
768	ordination
769	provoking
770	featuring
771	lg
772	genderinequality
773	democracy
774	ignored
775	fuher
776	dangerous
777	deviant
778	grew
779	organiser
780	hang
781	fuhered
782	whitefragility
783	essential
784	digits
785	largest
786	minutes
787	nevermypresident
788	propoganda
789	despite
790	iqgt
791	relationships
792	fight
793	domnica
794	lazy
795	viral
796	changes
797	respect
798	gb
799	address
800	brutality
801	chose
802	misogony
803	laughable
804	believes
805	snowpeople
806	deny
807	boarding
808	violent
809	officially
810	countys
811	socialmooc
812	orgasmic
813	aidingenemies
814	islamicradicals
815	face
816	socially
817	evasion
818	bigoted
819	talkradio
820	warriors
821	walks
822	bluntly
823	amazed
824	komo
825	few
826	cooke
827	mind
828	scrubs
829	treated
830	marxist
831	dead
832	single
833	niggers
834	palladino
835	yyc
836	rejected
837	encouraging
838	facepalm
839	coulda
840	union
841	false
842	fair
843	lgbt
844	islamophobes
845	driving
846	pasty
847	fowoh
848	investigate
849	official
850	yrs
851	doubletree
852	politicalmillennial
853	dordarshan
854	carolsbycandlelight
855	criticism
856	manspreading
857	chrismukkah
858	assholes
859	data
860	pple
861	arrested
862	dwyane
863	pic
864	trafficking
865	racistdeathwish
866	slap
867	cantankerous
868	intelligence
869	slaver
870	freedomofspeech
871	nude
872	sikh
873	indigenous
874	proo
875	joins
876	hateful
877	washout
878	gtgt
879	twonitwittrumpsuppoers
880	repugnant
881	easteuropeans
882	imwithher
883	during
884	oops
885	guaranteed
886	accent
887	committed
888	proof
889	anxiety
890	malcolm
891	bake
892	whiteperson
893	edchat
894	journo
895	levels
896	weapon
897	goodbye
898	altogether
899	universityofwisconsinmadison
900	looking
901	walls
902	brands
903	behaviour
904	noh
905	raising
906	dating
907	hangs
908	news
909	arresting
910	bernanke
911	stronger
912	accept
913	treat
914	mummersparade
915	worldview
916	rondarousey
917	condoning
918	dicks
919	killer
920	mongering
921	thefutureisfemale
922	broader
923	sociopathic
924	smoke
925	deathpenalty
926	terrorist
927	activists
928	cud
929	ceased
930	unprecedented
931	accused
932	ellicottsquarebuilding
933	guessing
934	thug
935	cool
936	finland
937	big
938	lake
939	celebrity
940	ouuh
941	servants
942	hardly
943	english
944	homosexuality
945	pastors
946	duck
947	greatness
948	rottweilers
949	sblaar
950	whod
951	found
952	bee
953	lesson
954	bats
955	mrminority
956	nyc 
957	shoot
958	avoice
959	nuanced
960	putinschoice
961	goyim
962	seriously
963	actions
964	cctv
965	disappointed
966	teamd
967	uks
968	confederateflag
969	foretold
970	censored
971	consumers
972	biases
973	lulic
974	infantile
975	bodies
976	nohate
977	resigned
978	ethnicity
979	malign
980	zionazis
981	affiliated
982	nooltham
983	exceptional
984	generations
985	crony
986	trentmays
987	music
988	battle
989	rose
990	leading
991	disciples
992	misandry
993	superior
994	emails
995	stunning
996	asses
997	gweh
998	assets
999	despise
1000	craving
1001	chauvinist
1002	dreads
1003	depoation
1004	indirect
1005	mouthpiece
1006	macys
1007	iq
1008	pay
1009	silent
1010	nackt
1011	coffee
1012	punks
1013	juvenilejustice
1014	carlpaladinos
1015	permit
1016	marriage
1017	rightist
1018	congress
1019	ecocide
1020	nonsens
1021	pamgelleheracist
1022	chaos
1023	beauty
1024	photo
1025	patriarchy
1026	caroline
1027	echoes
1028	referring
1029	whate
1030	followme
1031	celebrating
1032	presidenttrump
1033	kaepernick
1034	horrific
1035	folk
1036	negro
1037	revenge
1038	funded
1039	beach
1040	interference
1041	please
1042	lifelessons
1043	weirdo
1044	rr
1045	naboomspruit
1046	buy
1047	second
1048	turn
1049	resent
1050	doing
1051	trumpracist
1052	hitting
1053	democrats
1054	lee
1055	nick
1056	happen
1057	scream
1058	invented
1059	laughing
1060	xenophobic
1061	china
1062	irish
1063	shitty
1064	classifies
1065	jewishsupremacist
1066	discrimination
1067	ash
1068	southsudan
1069	nonjews
1070	attract
1071	hit
1072	thatblacklivesmatter
1073	appropriate
1074	takes
1075	strong
1076	cheer
1077	sweetpotato
1078	stomping
1079	requirement
1080	norman
1081	greater
1082	japanese
1083	law
1084	scifi
1085	discussed
1086	friends
1087	boycotts
1088	harassment
1089	indoctrination
1090	desirehatred
1091	christmassy
1092	erased
1093	strident
1094	sexism
1095	whitesheet
1096	thesexismproject
1097	oust
1098	slammed
1099	wp
1100	rohingyas
1101	state
1102	dollars
1103	miss
1104	rewrite
1105	told
1106	days
1107	constrained
1108	bustyescos
1109	preprogrammed
1110	named
1111	song
1112	ambassador
1113	ukip
1114	mystery
1115	jewish
1116	skinny
1117	innercity
1118	acts
1119	reflected
1120	scurvy
1121	populationcontrol
1122	himself
1123	sealed
1124	raids
1125	nigger
1126	hitler
1127	causing
1128	lied
1129	girl
1130	cowboy
1131	occupiers
1132	onlywhitechristmas
1133	promotions
1134	fathersday
1135	breitba
1136	rejects
1137	firstworldproblems
1138	intermittently
1139	thousands
1140	asian
1141	oprollredroll
1142	allbc
1143	cambersands
1144	specifically
1145	suit
1146	decree
1147	murray
1148	russianhack
1149	whoa
1150	biherism
1151	error
1152	damning
1153	presidentobama
1154	nytimes
1155	couldnt
1156	voices
1157	forcing
1158	graceless
1159	samachar
1160	accepting
1161	spokesperson
1162	messi
1163	valuechain
1164	complementarian
1165	officer
1166	procrastinate
1167	student
1168	greenspan
1169	see
1170	immigrants
1171	thoughj
1172	process
1173	wordsalad
1174	travelled
1175	complained
1176	americans
1177	utah
1178	council
1179	russias
1180	wnt
1181	applies
1182	reject
1183	baycat
1184	rethinkdiscipline
1185	cop
1186	begun
1187	hates
1188	carlpalidino
1189	notrump
1190	axed
1191	sewer
1192	stop
1193	mailboxpride
1194	seen
1195	prioritized
1196	wouldnt
1197	extoion
1198	quit
1199	omfg
1200	genius
1201	colts
1202	nword
1203	racebaiting
1204	military
1205	mama
1206	empathy
1207	sucklahoma
1208	deafening
1209	terrorism
1210	higher
1211	preordered
1212	blind
1213	moneyovermorals
1214	blackmen
1215	motherhoodunscripted
1216	surly
1217	postion
1218	takin
1219	wwi
1220	euroconservatism
1221	remake
1222	greetings
1223	baptized
1224	coverage
1225	nowi
1226	women
1227	disgrace
1228	sistersofcolour
1229	attend
1230	brand
1231	decision
1232	pretty
1233	stas
1234	offended
1235	tax
1236	christ
1237	add
1238	opposition
1239	blm
1240	commercials
1241	communist
1242	hilton
1243	healthmen
1244	onto
1245	grow
1246	leadership
1247	presiding
1248	humanity
1249	issued
1250	yes
1251	difficult
1252	offensive
1253	canadas
1254	rapists
1255	bible
1256	man
1257	equal
1258	podcast
1259	educational
1260	purge
1261	adamsaleh
1262	sexualpredator
1263	return
1264	neoconfederate
1265	elects
1266	fare
1267	blacktwitter
1268	diaz
1269	chess
1270	bewitched
1271	dzange
1272	familybut
1273	responsibilities
1274	inadequate
1275	one
1276	took
1277	calls
1278	wall
1279	kajal
1280	answer
1281	bastard
1282	thyini
1283	 womenonly
1284	four
1285	entitled
1286	kindleunlimited
1287	reconciliation
1288	smth
1289	taxpayers
1290	volodymyrviatrovych
1291	shill
1292	jibes
1293	wtf
1294	confirmation
1295	malema
1296	fixed
1297	leaveeu
1298	rabid
1299	qb
1300	sooooo
1301	immigration
1302	lunatics
1303	classes
1304	little
1305	buried
1306	larger
1307	narcissism
1308	used
1309	korematsu
1310	saturda
1311	murder
1312	justsaying
1313	two
1314	offical
1315	edgy
1316	bestof
1317	barry
1318	mfs
1319	mma
1320	along
1321	bankruptcy
1322	link
1323	begin
1324	stars
1325	sold
1326	morality
1327	navy
1328	canpoli
1329	explains
1330	pls
1331	token
1332	penney
1333	bully
1334	challenged
1335	jewishjoke
1336	losangeles
1337	mcmillanjames
1338	municipalities
1339	ovr
1340	healthy
1341	gollybar
1342	embrac
1343	relevant
1344	lifeguards
1345	avenue
1346	endthenation
1347	consent
1348	teamcancer
1349	emb
1350	hv
1351	decades
1352	candide
1353	prospect
1354	karachi
1355	late
1356	remains
1357	intentions
1358	watching
1359	conjob
1360	politicians
1361	trying
1362	nobelprize
1363	candidates
1364	misogynistic
1365	felony
1366	encounter
1367	racism
1368	tomlin
1369	united
1370	attempting
1371	simplistic
1372	quantico
1373	strategy
1374	gladshesgone
1375	restaurant
1376	kicking
1377	treason
1378	likes
1379	poc
1380	protection
1381	reg
1382	juniors
1383	atsi
1384	team
1385	jcpenney
1386	ohio
1387	magax
1388	definitions
1389	notmypresidenttheresista
1390	burninhell
1391	arebut
1392	bcot
1393	page
1394	presses
1395	shrouded
1396	trendy
1397	advocate
1398	volatile
1399	abeed
1400	resigns
1401	denied
1402	perks
1403	uncivilised
1404	sweet
1405	uses
1406	stone
1407	blonde
1408	teenager
1409	threaten
1410	pattismith
1411	kicked
1412	lede
1413	representations
1414	krakow
1415	almost
1416	maters
1417	demagoguery
1418	reputation
1419	electrical
1420	bondage
1421	rid
1422	update
1423	apologize
1424	provincial
1425	simpleton
1426	thirdworldcanada
1427	yay
1428	embarrass
1429	forecasted
1430	employee
1431	blogging
1432	launching
1433	yields
1434	win
1435	reich
1436	profiting
1437	batshit
1438	instrumental
1439	cheerleader
1440	theyre
1441	home
1442	forget
1443	cnn
1444	usher
1445	thcentury
1446	treacy
1447	amounts
1448	stoned
1449	cops
1450	flights
1451	immanuel
1452	volunteer
1453	keeps
1454	invasion
1455	piggy
1456	wouldve
1457	post
1458	signofthetimes
1459	ignorantly
1460	everyday
1461	employed
1462	douchelord
1463	sociopath
1464	restrained
1465	liars
1466	vulgar
1467	read
1468	becoming
1469	grabyourwallet
1470	ticking
1471	sunderland
1472	doesnt
1473	jehovas
1474	quickly
1475	womensrights
1476	safe
1477	camstaff
1478	eggs
1479	toures
1480	enjoyable
1481	nojustice
1482	welcome
1483	shown
1484	hype
1485	toward
1486	classifying
1487	federline
1488	ltlt
1489	obamanation
1490	nazi
1491	parliament
1492	documentary
1493	pasture
1494	sends
1495	aftr
1496	adultery
1497	bus
1498	massincarceration
1499	deafinprison
1500	country
1501	bitching
1502	nutshell
1503	aist
1504	politician
1505	consequences
1506	latest
1507	betrays
1508	realitycheck
1509	jgirl
1510	suing
1511	pics
1512	moved
1513	ageism
1514	needed
1515	brothers
1516	trumphate
1517	frances
1518	parenting
1519	conflict
1520	schuster
1521	tremendous
1522	eac
1523	genetics
1524	imagine
1525	inclusivity
1526	islamaphobia
1527	staup
1528	except
1529	raison
1530	adhan
1531	meditation
1532	endless
1533	extraordinaire
1534	disrespect
1535	australia
1536	itstheendoftheworldand
1537	euref
1538	stable
1539	womensmarch
1540	nzpol
1541	fact
1542	affectionately
1543	guns
1544	bhakt
1545	contradictions
1546	repulsion
1547	discuss
1548	polygamist
1549	airpo
1550	anonymous
1551	billing
1552	cruel
1553	ove
1554	secretly
1555	usa
1556	xians
1557	swamp
1558	raygun
1559	propalestine
1560	tonight
1561	gangs
1562	platform
1563	biological
1564	precisely
1565	hero
1566	neveoolate
1567	whom
1568	overused
1569	step
1570	dem
1571	measured
1572	jind
1573	quebecs
1574	hosts
1575	picturebangladeshi
1576	swastikas
1577	zuma
1578	disease
1579	trial
1580	youtube
1581	jake
1582	skinned
1583	mediocre
1584	womensrighttochoose
1585	toonsthemed
1586	movements
1587	right
1588	seeking
1589	moron
1590	deliberately
1591	failing
1592	reverse
1593	eff
1594	company
1595	bistro
1596	places
1597	mayor
1598	bringbackpage
1599	carolyn
1600	truly
1601	turns
1602	imagemakeovers
1603	hispters
1604	farm
1605	opt
1606	hc
1607	fucked
1608	thinks
1609	cost
1610	inhumane
1611	mentalhealth
1612	liar
1613	recent
1614	empowerd
1615	note
1616	lifes
1617	storytelling
1618	insults
1619	historian
1620	rohingya
1621	wanother
1622	health
1623	whiteknight
1624	ways
1625	intervene
1626	accountable
1627	muir
1628	fck
1629	propaganda
1630	idiotic
1631	melanin
1632	historicalamnesia
1633	newyork
1634	realise
1635	launched
1636	pipe
1637	doctor
1638	myth
1639	bullshit
1640	credibility
1641	forbidden
1642	painting
1643	solve
1644	also
1645	using
1646	sexoffender
1647	bet
1648	kids
1649	trough
1650	street
1651	publicserviceannouncement
1652	aches
1653	joint
1654	airlines
1655	serve
1656	rac
1657	vps
1658	class
1659	resource
1660	charity
1661	commonwealth
1662	ill
1663	shiless
1664	azealia
1665	healing
1666	memes
1667	neverump
1668	insanity
1669	logo
1670	complete
1671	marijuana
1672	harvardsq
1673	mean
1674	different
1675	create
1676	poweothewomen
1677	liberals
1678	peace
1679	michelleobama
1680	awesome
1681	lead
1682	didnot
1683	peacekeepers
1684	fred
1685	sands
1686	views
1687	bloated
1688	cc
1689	folks
1690	gwent
1691	offering
1692	beauregard
1693	stockholm
1694	undermine
1695	cutest
1696	hansen
1697	otherwise
1698	africanamericans
1699	chump
1700	merge
1701	graduates
1702	self
1703	clintons
1704	guarani
1705	skate
1706	yesterday
1707	dissent
1708	main
1709	pulls
1710	leads
1711	advanced
1712	samwu
1713	editorial
1714	demonic
1715	jobs
1716	reson
1717	system
1718	react
1719	work
1720	obstruction
1721	wang
1722	suppoed
1723	karma
1724	hatecrime
1725	sentiments
1726	menorah
1727	morning
1728	clean
1729	scum
1730	these
1731	september
1732	florida
1733	culturesways
1734	frnds
1735	boy
1736	crosses
1737	write
1738	thieves
1739	stood
1740	sexual
1741	curse
1742	communism
1743	ellen
1744	listening
1745	money
1746	alliesforblacklives
1747	impo
1748	sanders
1749	jealous
1750	reefers
1751	sharing
1752	yourself
1753	defending
1754	remember
1755	carriefisher
1756	childrenofcolor
1757	mostly
1758	sameshitnewyear
1759	authoritarian
1760	camber
1761	whiteslavers
1762	infidel
1763	lactation
1764	crook
1765	colluder
1766	condemn
1767	vanity
1768	peh
1769	competency
1770	seventies
1771	misogyny
1772	gov
1773	running
1774	dispose
1775	bomb
1776	pisses
1777	cresc
1778	feminist
1779	saying
1780	controversy
1781	teach
1782	temple
1783	bot
1784	santa
1785	wherford
1786	objectify
1787	edinburgh
1788	usual
1789	daddygavemeamillion
1790	sums
1791	fakenews
1792	ego
1793	syria
1794	poke
1795	thin
1796	falls
1797	forced
1798	korean
1799	africa
1800	americadoesntwantyou
1801	argues
1802	math
1803	funde
1804	okay
1805	priyankachopra
1806	bitter
1807	roughly
1808	buliding
1809	voteleave
1810	evolution
1811	mysoginist
1812	impoed
1813	uselections
1814	essay
1815	intolerant
1816	dw
1817	sdoh
1818	violence
1819	feminism
1820	defenders
1821	supermistict
1822	shallow
1823	patriotism
1824	unforgettable
1825	must
1826	pound
1827	wmuslim
1828	project
1829	wwwsmallgirlsexcom
1830	policebrutality
1831	uskkk
1832	darn
1833	capitol
1834	centred
1835	absurd
1836	jc
1837	packed
1838	bigly
1839	hatred
1840	reaction
1841	industry
1842	spirituality
1843	charlespaladinos
1844	appendix
1845	streetfighter
1846	users
1847	cracker
1848	binds
1849	acct
1850	copkiller
1851	progresverebel
1852	xxx
1853	manchester
1854	conman
1855	wave
1856	supremacists
1857	experiences
1858	genderstereotypes
1859	wlk
1860	raging
1861	couples
1862	wildlife
1863	eyes
1864	stolen
1865	john
1866	bailey
1867	bagdad
1868	guncontrol
1869	senad
1870	hitlerjugend
1871	corruptgop
1872	emperor
1873	politicalcorrectness
1874	york
1875	fragility
1876	interest
1877	kenya
1878	tolerate
1879	agenda
1880	tennessee
1881	trumpocalypse
1882	engage
1883	extremely
1884	join
1885	intolerance
1886	religionofpeace
1887	seems
1888	period
1889	veteran
1890	cottoned
1891	burka
1892	represents
1893	red
1894	koetankauk
1895	anacoes
1896	anarchism
1897	throat
1898	argentine
1899	fea
1900	reappraise
1901	confession
1902	years
1903	magicrealism
1904	brings
1905	pot
1906	communitystandards
1907	kathy
1908	sans
1909	whiteness
1910	universities
1911	academia
1912	carefully
1913	labeling
1914	commercial
1915	nomore
1916	andor
1917	doublestan
1918	steal
1919	joseon
1920	deseret
1921	whene
1922	mall
1923	finger
1924	illegals
1925	constantly
1926	zit
1927	rebellion
1928	minority
1929	season
1930	version
1931	obsidian
1932	dividing
1933	check
1934	notracist
1935	deploying
1936	filth
1937	taxevader
1938	hasbeen
1939	nofascist
1940	cleansing
1941	exactly
1942	societys
1943	rhonda
1944	heabroken
1945	mattruff
1946	tws
1947	gates
1948	either
1949	problems
1950	tacky
1951	hypocrite
1952	apparently
1953	declining
1954	bregret
1955	ss
1956	wus
1957	spanking
1958	bush
1959	loose
1960	innovative
1961	countered
1962	fascismo
1963	lifestyle
1964	suppoing
1965	heels
1966	caoonish
1967	felt
1968	alllivesmatter
1969	salad
1970	chihuahuas
1971	whites
1972	oppressorsprivileged
1973	jokes
1974	termed
1975	uspoli
1976	fugly
1977	lessons
1978	transsexy
1979	ppls
1980	issues
1981	well
1982	blackvotehispanicvote
1983	gives
1984	measure
1985	deep
1986	whiteprivilege
1987	mental
1988	leavers
1989	assured
1990	whitefeminism
1991	comrade
1992	id
1993	uppity
1994	copped
1995	complementarianism
1996	balls
1997	endorse
1998	impact
1999	psa
2000	worlddanger
2001	zeenews
2002	auspol
2003	codified
2004	confessions
2005	neoliberalism
2006	idiocy
2007	yup
2008	sainsburys
2009	ape
2010	spot
2011	girles
2012	kitchen
2013	womenrelated
2014	rest
2015	special
2016	noise
2017	inword
2018	newzeeland
2019	mmusimaimane
2020	cpcldr
2021	sees
2022	bring
2023	victimise
2024	perpetuates
2025	book
2026	blacklistin
2027	disallowd
2028	review
2029	dad
2030	weaponry
2031	tie
2032	anymore
2033	basket
2034	zero
2035	cityjournal
2036	msm
2037	anyone
2038	destigmatize
2039	around
2040	network
2041	answered
2042	case
2043	milo
2044	
2045	nice
2046	account
2047	underfire
2048	goodes
2049	owes
2050	kindly
2051	walking
2052	miloyiannopoulos
2053	charge
2054	trophy
2055	hell
2056	thiza
2057	devil
2058	tlot
2059	unifying
2060	destruction
2061	dumbfuck
2062	arm
2063	screening
2064	arrests
2065	ottawa
2066	isr
2067	aryanbrotherhood
2068	embrace
2069	snowflake
2070	endorses
2071	wb
2072	tech
2073	houston
2074	alabama
2075	below
2076	hotline
2077	outrage
2078	economicapahied
2079	fiends
2080	innocent
2081	scalds
2082	own
2083	impressions
2084	palestine
2085	legal
2086	decolonization
2087	communities
2088	videos
2089	postbrexit
2090	bugg
2091	meant
2092	joseph
2093	iran
2094	info
2095	human
2096	ccot
2097	elitists
2098	sexest
2099	emojis
2100	business
2101	elections
2102	location
2103	jacket
2104	test
2105	greatest
2106	maimane
2107	sign
2108	israelisettlements
2109	altrightcards
2110	papalbull
2111	hus
2112	assault
2113	wonderful
2114	neve
2115	feb
2116	talking
2117	catholicchurch
2118	shake
2119	correct
2120	corrupt
2121	hatefear
2122	whitesupremacist
2123	assume
2124	endof
2125	president
2126	fuuuuuuuuuuuuck
2127	driver
2128	amjoy
2129	resolutions
2130	dive
2131	wars
2132	cress
2133	wwii
2134	omits
2135	attacked
2136	intelligent
2137	paranormal
2138	inwords
2139	outsider
2140	fooh
2141	records
2142	hairly
2143	desire
2144	blamed
2145	fun
2146	spiced
2147	crackers
2148	moviefone
2149	thependulum
2150	fired
2151	helm
2152	patience
2153	stl
2154	fullretard
2155	morals
2156	wasted
2157	prosecuted
2158	wotching
2159	pewpewlife
2160	israeli
2161	claimed
2162	cannabis
2163	angry
2164	gandhi
2165	freedownload
2166	bs
2167	firstnations
2168	brown
2169	sexuality
2170	arrestsmill
2171	leave
2172	carlpaladinoelection
2173	rant
2174	educating
2175	jessica
2176	cross
2177	clearly
2178	abuse
2179	defense
2180	libcrib
2181	jeff
2182	condescending
2183	cents
2184	compassion
2185	harm
2186	statements
2187	rules
2188	kerala
2189	collectively
2190	coworker
2191	attempt
2192	happens
2193	wanna
2194	trade
2195	minions
2196	religion
2197	israelis
2198	dugin
2199	maga
2200	asia
2201	accurately
2202	techjunkiejhthe
2203	fightlikeagirl
2204	ouch
2205	wud
2206	citys
2207	hyperviolent
2208	above
2209	professor
2210	antisemitic
2211	homophobia
2212	root
2213	establishing
2214	germany
2215	steps
2216	ppl
2217	school
2218	young
2219	nominate
2220	spit
2221	kitazato
2222	anslinger
2223	beloy
2224	duca
2225	cpc
2226	skynews
2227	entrenched
2228	disgusting
2229	draining
2230	station
2231	relatives
2232	dearfellowwhitepeople
2233	whiteland
2234	loserpizza
2235	lehman
2236	muzzies
2237	time
2238	lisa
2239	coz
2240	tits
2241	credit
2242	son
2243	narcissistic
2244	crybully
2245	welsing
2246	animalrights
2247	slit
2248	unpatriotic
2249	naturism
2250	rapacious
2251	mgt
2252	slogan
2253	value
2254	popefrancis
2255	misogynisttrump
2256	powerful
2257	happyholidays
2258	meanwhile
2259	loudly
2260	argued
2261	hypocrites
2262	vp
2263	always
2264	private
2265	tossing
2266	amendment
2267	freedom
2268	ethnic
2269	chanapa
2270	plutocrat
2271	cdnpoli
2272	heard
2273	appalling
2274	mormonis
2275	antimorality
2276	conormcgregor
2277	timenow
2278	maddow
2279	laid
2280	critics
2281	whitefish
2282	brazilians
2283	subtle
2284	privilege
2285	rsf
2286	sharpens
2287	fled
2288	enduring
2289	stab
2290	heroes
2291	interview
2292	something
2293	date
2294	effo
2295	jackals
2296	tedtalks
2297	inuit
2298	liberal
2299	hocoschools
2300	insident
2301	climate
2302	nowe
2303	hiv
2304	patriarchal
2305	drive
2306	willing
2307	group
2308	berniebros
2309	objectification
2310	resilience
2311	facebooks
2312	tv
2313	iqg
2314	tucker
2315	round
2316	colorblind
2317	blatantly
2318	knocks
2319	indecent
2320	adamitv
2321	bethlehem
2322	values
2323	form
2324	heed
2325	survivor
2326	gotta
2327	soundbite
2328	indisputably
2329	jabs
2330	often
2331	womenvote
2332	completely
2333	uttered
2334	marx
2335	crazy
2336	mutual
2337	nites
2338	bradshaw
2339	spoke
2340	conflate
2341	wellduh
2342	locks
2343	hepburn
2344	mailbox
2345	overwhelmingly
2346	lostpopularvote
2347	solidarity
2348	womensissues
2349	spos
2350	world
2351	bwahahahahaha
2352	jerusalem
2353	bears
2354	unless
2355	rockineve
2356	video
2357	unacceptable
2358	actor
2359	mob
2360	tupperwear
2361	smoking
2362	afp
2363	losers
2364	draw
2365	uk
2366	cooper
2367	scam
2368	catdjt
2369	dictator
2370	remove
2371	remarks
2372	hear
2373	antiwhite
2374	homophobic
2375	kellyann
2376	loudest
2377	taught
2378	camron
2379	biden
2380	wish
2381	diddo
2382	those
2383	boycottaustralia
2384	another
2385	cosmeticsbrand
2386	stupids
2387	equated
2388	observation
2389	exposing
2390	approval
2391	bacon
2392	multiple
2393	mature
2394	rupemurdochs
2395	discredit
2396	refers
2397	wig
2398	choice
2399	forgot
2400	smackdown
2401	cafenoirproject
2402	surgical
2403	jim
2404	animal
2405	theres
2406	blessedt
2407	libtard
2408	astrology
2409	darkest
2410	chair
2411	true
2412	sho
2413	selected
2414	inspirechange
2415	spew
2416	bullying
2417	tried
2418	islamophobic
2419	sending
2420	genuinely
2421	greek
2422	result
2423	erica
2424	cspan
2425	pissedoffitalian
2426	fear
2427	speaks
2428	negligence
2429	dl
2430	radio
2431	saddles
2432	biggotry
2433	protect
2434	enemies
2435	autocorrects
2436	arabian
2437	inveed
2438	affair
2439	unmasking
2440	absence
2441	trample
2442	stem
2443	notfit
2444	defended
2445	chinguas
2446	datesletstalkabout
2447	putinism
2448	embraceyourself
2449	imitations
2450	atwater
2451	transformation
2452	empire
2453	insane
2454	opkillingbay
2455	watc
2456	truism
2457	limiting
2458	mediamy
2459	eyetalian
2460	badges
2461	terror
2462	threatening
2463	sharp
2464	blogger
2465	shes
2466	struggles
2467	latina
2468	letting
2469	eevalancaster
2470	crapsac
2471	gets
2472	quiet
2473	contender
2474	series
2475	color
2476	shocking
2477	andrewanglin
2478	latent
2479	whole
2480	politics
2481	acab
2482	billion
2483	emboldened
2484	may
2485	rational
2486	prevail
2487	tyrant
2488	pedophilia
2489	chokes
2490	socialist
2491	reasons
2492	assaults
2493	empowering
2494	missing
2495	salutbut
2496	age
2497	violently
2498	iah
2499	muslim
2500	wakes
2501	finepass
2502	whats
2503	antiwhites
2504	mustread
2505	spend
2506	sooo
2507	bruh
2508	intent
2509	lying
2510	indians
2511	jolly
2512	wakeup
2513	signs
2514	religions
2515	dick
2516	huffington
2517	nsfw
2518	msg
2519	straight
2520	invisible
2521	disavow
2522	cat
2523	zionist
2524	policecivilian
2525	projection
2526	bread
2527	stopracism
2528	equate
2529	citizens
2530	natural
2531	build
2532	america
2533	messengerjust
2534	colourism
2535	feminismisterrorism
2536	acting
2537	boricua
2538	celebrate
2539	confined
2540	british
2541	mens
2542	shame
2543	vanilla
2544	supremely
2545	identity
2546	highereducation
2547	prison
2548	riders
2549	defile
2550	sarcasm
2551	understanding
2552	flight
2553	publishing
2554	sense
2555	pauline
2556	teapay
2557	principal
2558	antiracism
2559	caucasians
2560	cornered
2561	woodrowwilson
2562	obviously
2563	distractions
2564	porns
2565	neonazi
2566	conflates
2567	corrupttrump
2568	researchers
2569	panties
2570	quotas
2571	voicing
2572	finest
2573	whitesupremacy
2574	racemix
2575	sea
2576	half
2577	infection
2578	year
2579	selah
2580	literally
2581	beensqueezing
2582	ethnocentrism
2583	learned
2584	feelings
2585	inmates
2586	cow
2587	unbornlivesmatter
2588	burning
2589	wing
2590	clothing
2591	demand
2592	follow
2593	go
2594	plz
2595	threats
2596	dumping
2597	pubfriction
2598	mongers
2599	manipur
2600	heel
2601	calm
2602	whiteisis
2603	payday
2604	bonhoeffer
2605	crying
2606	tendencies
2607	anchor
2608	radicalisation
2609	photos
2610	planet
2611	marine
2612	dig
2613	persons
2614	prevalent
2615	inaspanof
2616	tries
2617	prank
2618	refugee
2619	danger
2620	doctrine
2621	cliches
2622	victimhood
2623	matter
2624	code
2625	stage
2626	shitfest
2627	bama
2628	coffin
2629	argument
2630	dream
2631	rwnj
2632	hamids
2633	fucku
2634	iamnotabe
2635	idiocracy
2636	presidentelect
2637	bikinis
2638	job
2639	christianity
2640	wisconsinmadison
2641	berating
2642	pussygrabberinchief
2643	farmer
2644	compared
2645	blackperson
2646	mustfall
2647	estate
2648	end
2649	king
2650	sara
2651	christmasadve
2652	laborviolations
2653	racebaiter
2654	blicqer
2655	swiftly
2656	ukraine
2657	sell
2658	gfy
2659	plannedparenthood
2660	added
2661	recast
2662	iraq
2663	betrayed
2664	passionate
2665	carlpaladino
2666	oppression
2667	sickening
2668	dare
2669	touches
2670	gf
2671	wehate
2672	freethenipple
2673	metaphor
2674	simple
2675	trumpconaist
2676	stance
2677	indianapolis
2678	postholiday
2679	banned
2680	mast
2681	tis
2682	out
2683	gift
2684	thiss
2685	aicle
2686	ampthey
2687	shades
2688	alternet
2689	cause
2690	graffiti
2691	worst
2692	tattoo
2693	absolutely
2694	together
2695	brief
2696	neutral
2697	reminder
2698	cam
2699	satire
2700	prorapist
2701	rector
2702	gazza
2703	trumpworld
2704	thomas
2705	seahawks
2706	seeks
2707	pen
2708	theresistance
2709	blasting
2710	won
2711	type
2712	todays
2713	govt
2714	james
2715	afl
2716	plan
2717	bastards
2718	announces
2719	father
2720	ref
2721	free
2722	nonprofitstatus
2723	protest
2724	justify
2725	prejudice
2726	proudtobeanamerican
2727	consideration
2728	obvious
2729	lettuce
2730	sounds
2731	forever
2732	void
2733	knicks
2734	teaches
2735	surrounded
2736	lasses
2737	stick
2738	illegally
2739	culpable
2740	narratives
2741	treats
2742	smell
2743	sides
2744	reading
2745	window
2746	michigan
2747	libearian
2748	dictionary
2749	best
2750	arms
2751	count
2752	collection
2753	preying
2754	inse
2755	childrens
2756	already
2757	kanyewest
2758	scapegoat
2759	practice
2760	screenshot
2761	night
2762	snowball
2763	ronda
2764	assumptions
2765	selection
2766	reliability
2767	melania
2768	beverlywhalingreinstated
2769	cameron
2770	mexico
2771	healand
2772	theyve
2773	house
2774	bigotry
2775	should
2776	raciolinguistics
2777	questioned
2778	typical
2779	psycho
2780	apaheid
2781	fell
2782	conservatives
2783	far
2784	nationalanthem
2785	istanbul
2786	arkansas
2787	suspend
2788	attorney
2789	twitterbot
2790	hawk
2791	resultant
2792	appeared
2793	existence
2794	blazing
2795	whiterace
2796	busi
2797	warning
2798	prince
2799	hacking
2800	foxnews
2801	uyanze
2802	empower
2803	taragon
2804	kentucky
2805	guilty
2806	intend
2807	sweep
2808	mafuckas
2809	sma
2810	tiesto
2811	griffiths
2812	slavelabor
2813	merely
2814	statement
2815	inflame
2816	christian
2817	freed
2818	qualifications
2819	horrifying
2820	rightfully
2821	mmiw
2822	editor
2823	spoty
2824	arise
2825	socialjustice
2826	call
2827	cuck
2828	ampfunny
2829	 
2830	rachelmaddow
2831	protects
2832	tcot
2833	thing
2834	keepyoureyesontheprizemlk
2835	glee
2836	antics
2837	hillarylost
2838	rip
2839	equivalent
2840	dares
2841	blackwomen
2842	declared
2843	dealing
2844	created
2845	mtv
2846	saturdayblogshare
2847	sandniggers
2848	small
2849	hugs
2850	research
2851	city
2852	resign
2853	explained
2854	colour
2855	checkcashing
2856	unequal
2857	fooled
2858	stupid
2859	mario
2860	asshole
2861	backhanders
2862	terrorists
2863	content
2864	notamericaschoice
2865	control
2866	mascot
2867	mine
2868	deming
2869	rendition
2870	sue
2871	icymi
2872	gon
2873	profitable
2874	affected
2875	stopsexism
2876	damon
2877	hamza
2878	mcfadden
2879	bitch
2880	ivankatrump
2881	republican
2882	fucktrump
2883	nyc
2884	msdhu
2885	iconic
2886	bunch
2887	thwaed
2888	life
2889	discovered
2890	bold
2891	labour
2892	supermariorun
2893	rep
2894	hope
2895	matthew
2896	lumpy
2897	other
2898	copy
2899	spirit
2900	vegan
2901	normalizing
2902	governor
2903	interviews
2904	taxwriteoff
2905	exposed
2906	myanmar
2907	interesting
2908	antiislamist
2909	tweets
2910	nudity
2911	lousy
2912	wifebeater
2913	hood
2914	refuted
2915	appreciate
2916	smh
2917	informing
2918	bar
2919	woodrow
2920	suggests
2921	somebody
2922	thinking
2923	waime
2924	replies
2925	munmid
2926	nationalism
2927	cept
2928	mad
2929	multimillion
2930	drugs
2931	day
2932	theview
2933	results
2934	buddhism
2935	nationality
2936	drug
2937	scores
2938	bambi
2939	enemy
2940	perpetuating
2941	profit
2942	nowthattheholidaysaredone
2943	rocks
2944	excludedmarginalised
2945	discoved
2946	pc
2947	teaching
2948	checked
2949	nation
2950	ideals
2951	weirdos
2952	evolutions
2953	weeks
2954	unfounately
2955	equality
2956	history
2957	puts
2958	destroy
2959	interterrestrial
2960	tea
2961	mps
2962	homicides
2963	understand
2964	destroyed
2965	french
2966	guide
2967	fit
2968	vids
2969	share
2970	concept
2971	theistic
2972	newghostbusters
2973	piece
2974	whose
2975	society
2976	ring
2977	drsuess
2978	roots
2979	trumplies
2980	pmet
2981	sing
2982	rnc
2983	studying
2984	national
2985	lovely
2986	notfunny
2987	twitte
2988	separate
2989	juan
2990	bracelet
2991	telling
2992	great
2993	rally
2994	timwise
2995	progressives
2996	blk
2997	doublestandard
2998	proud
2999	precrime
3000	feminists
3001	tables
3002	exaggeration
3003	ebonics
3004	malvern
3005	objective
3006	dumbingdownofamerica
3007	shine
3008	msian
3009	eltham
3010	due
3011	cambma
3012	camps
3013	internal
3014	god
3015	enjoy
3016	embodied
3017	blackbrown
3018	aware
3019	language
3020	tackling
3021	triggerwarning
3022	hashtag
3023	reason
3024	staywoke
3025	swingtanzenverboten
3026	scars
3027	feminismiscancer
3028	videogames
3029	trash
3030	called
3031	philandocastile
3032	cold
3033	antiegalitarianism
3034	newyearsevemay
3035	blacklivesmatters
3036	imo
3037	ignoring
3038	loathsome
3039	reducing
3040	whiteslavery
3041	daily
3042	effective
3043	jimmy
3044	funding
3045	sjws
3046	hea
3047	caught
3048	tragic
3049	clown
3050	clock
3051	linguistics
3052	oil
3053	statementdoubling
3054	hategroup
3055	italian
3056	misunderstood
3057	outlets
3058	rapeugee
3059	pornstars
3060	amid
3061	blacksupremacist
3062	excouncillor
3063	left
3064	deplorable
3065	jail
3066	extremists
3067	dismantle
3068	institutionalized
3069	sturgeon
3070	colou
3071	communists
3072	donny
3073	ampamp
3074	protesters
3075	britains
3076	recordeven
3077	stops
3078	padded
3079	list
3080	burbank
3081	narcissist
3082	sorry
3083	rough
3084	bjork
3085	joe
3086	pres
3087	activism
3088	integrity
3089	surprise
3090	teeth
3091	web
3092	arrive
3093	adores
3094	gender
3095	sarcastic
3096	applauding
3097	suggest
3098	commonsense
3099	warsforoil
3100	princecharles
3101	teenagers
3102	truckload
3103	customer
3104	malia
3105	bogard
3106	lapdog
3107	entered
3108	cities
3109	bla
3110	classroom
3111	household
3112	garbagepailkids
3113	profession
3114	football
3115	fascist
3116	pick
3117	legislature
3118	berlinattack
3119	dc
3120	answers
3121	girls
3122	opposing
3123	bigot
3124	defeat
3125	irishman
3126	divide
3127	philosopher
3128	ergo
3129	endofcivilization
3130	toy
3131	kpopdance
3132	adves
3133	youdisgustme
3134	marathi
3135	highlights
3136	incidents
3137	entitlement
3138	failure
3139	mon
3140	boil
3141	southafrica
3142	double
3143	drop
3144	authority
3145	thoughts
3146	abt
3147	gorilla
3148	factophobia
3149	yavin
3150	inhumans
3151	none
3152	suppression
3153	poetry
3154	divider
3155	novel
3156	allgrownup
3157	merrychristmas
3158	egomaniac
3159	songwords
3160	shut
3161	accusations
3162	later
3163	cheap
3164	demanding
3165	excellent
3166	angrygaymafia
3167	minute
3168	ameture
3169	woman
3170	immigrant
3171	guess
3172	newshow
3173	duke
3174	joie
3175	differences
3176	climatecrimes
3177	restricted
3178	quest
3179	patriotwatch
3180	victory
3181	maria
3182	products
3183	charging
3184	riyadh
3185	teacher
3186	verizon
3187	suffrage
3188	regas
3189	freemasons
3190	thrown
3191	base
3192	deplorables
3193	asssssworst
3194	speech
3195	speak
3196	trumpis
3197	choking
3198	released
3199	allahsoil
3200	center
3201	evan
3202	malikrichmond
3203	kingfisher
3204	profile
3205	exploitation
3206	outhmm
3207	soccer
3208	total
3209	cell
3210	theirs
3211	officials
3212	cover
3213	sight
3214	antiracist
3215	flapping
3216	trumpinauguration
3217	revoltingly
3218	awful
3219	riding
3220	misconceptions
3221	havin
3222	males
3223	nobody
3224	utterly
3225	journalists
3226	sucks
3227	smog
3228	mannequinchallenge
3229	near
3230	donaldtrump
3231	service
3232	mugabe
3233	everydayheroes
3234	womans
3235	selfhating
3236	stereotyping
3237	magical
3238	stuakenyon
3239	crosscheckingvoter
3240	scraps
3241	illustrated
3242	thailand
3243	week
3244	offers
3245	richardspencer
3246	anti
3247	amandanunes
3248	robbiewilliams
3249	cp
3250	row
3251	paying
3252	brought
3253	keeping
3254	sisterinlaw
3255	outrageous
3256	beginning
3257	terminology
3258	occur
3259	pueorico
3260	berberian
3261	child
3262	manhate
3263	suppoer
3264	jemele
3265	putinpuppet
3266	lights
3267	struggling
3268	uday
3269	womenwednesday
3270	lows
3271	repoer
3272	development
3273	decided
3274	friend
3275	terms
3276	christmaseve
3277	place
3278	surface
3279	frat
3280	narcissimmisogyny
3281	us
3282	morgan
3283	highstool
3284	coronial
3285	strawberry
3286	moto
3287	parentage
3288	conviction
3289	image
3290	cite
3291	unbo
3292	married
3293	inauguration
3294	idea
3295	animation
3296	fire
3297	burmese
3298	dts
3299	powerhungrytraitors
3300	repo
3301	dipshit
3302	chumps
3303	endofthe
3304	xenophobia
3305	cbc
3306	shuts
3307	boycotttigerwoods
3308	pseudoscience
3309	pastor
3310	aufstehn
3311	himhe
3312	terry
3313	racecard
3314	redacts
3315	death
3316	instructed
3317	stateampfederal
3318	justicereform
3319	cwt
3320	meditations
3321	canadianvalues
3322	adultedu
3323	rock
3324	ignorant
3325	epitomeofsorrow
3326	trampled
3327	aims
3328	virginia
3329	simon
3330	moves
3331	relation
3332	political
3333	fine
3334	pennyloafer
3335	bml
3336	latinas
3337	weve
3338	local
3339	neogaf
3340	nonwhite
3341	latesnews
3342	comedy
3343	hipster
3344	escaped
3345	employees
3346	championed
3347	retro
3348	kimburrell
3349	biopolitics
3350	staing
3351	grows
3352	saleh
3353	childfree
3354	concur
3355	cave
3356	boss
3357	roughwaters
3358	ferguson
3359	youngturks
3360	label
3361	majority
3362	reginald
3363	mcdonalds
3364	logic
3365	bills
3366	assistants
3367	lowest
3368	bonus
3369	liveleap
3370	leftard
3371	came
3372	rat
3373	quietly
3374	yeg
3375	trendolizer
3376	breeds
3377	intersectionality
3378	journal
3379	cult
3380	legacy
3381	dickhole
3382	noballs
3383	until
3384	cbb
3385	perspective
3386	pure
3387	freshmen
3388	grenades
3389	mfer
3390	capabilities
3391	owned
3392	person
3393	drs
3394	progress
3395	scapelliti
3396	dumbest
3397	establishment
3398	badly
3399	capetown
3400	flt
3401	qualify
3402	outdated
3403	faces
3404	mrs
3405	dictionaries
3406	request
3407	chinese
3408	standing
3409	pelosi
3410	lunatic
3411	costars
3412	kettled
3413	ground
3414	youd
3415	cuomo
3416	mccain
3417	uncle
3418	highfashion
3419	culturalenrichment
3420	families
3421	whitepeople
3422	spinning
3423	mexicans
3424	dncchair
3425	worked
3426	bit
3427	hadnt
3428	reemergence
3429	douchebag
3430	full
3431	queue
3432	upset
3433	lesbian
3434	wonthey
3435	porn
3436	antisemites
3437	perhaps
3438	awarded
3439	juice
3440	force
3441	aus
3442	oral
3443	happynewyear
3444	ban
3445	dankmemes
3446	studied
3447	think
3448	absolute
3449	heres
3450	potus
3451	klux
3452	ordered
3453	pap
3454	bud
3455	disneylooney
3456	lovebeingalegend
3457	wise
3458	fall
3459	howell
3460	acted
3461	ironies
3462	inequity
3463	kindledeals
3464	waronwomen
3465	refugeeswelcome
3466	nazis
3467	crime
3468	movie
3469	fabricate
3470	inconsequen
3471	lecture
3472	fang
3473	hidden
3474	cheaters
3475	honesty
3476	criminal
3477	ultra
3478	russian
3479	busily
3480	ushers
3481	celebrities
3482	baiting
3483	nasty
3484	groups
3485	nationalist
3486	spectrum
3487	expected
3488	jews
3489	rubio
3490	commutations
3491	eu
3492	sdgs
3493	pamelaramseytaylorpraised
3494	sandyhook
3495	empowerment
3496	sta
3497	mocked
3498	hanukkah
3499	countdown
3500	classic
3501	smacks
3502	confirm
3503	dylann
3504	uneducated
3505	defineepitome
3506	radical
3507	mexican
3508	events
3509	returnmyvinyl
3510	fundamentalism
3511	slurs
3512	posting
3513	melted
3514	bilal
3515	listen
3516	trumps
3517	narrow
3518	republicantrash
3519	coherently
3520	way
3521	documented
3522	beating
3523	flag
3524	extremist
3525	economicapaheid
3526	hatredgreedamp
3527	usshootingsaccidentsabuse
3528	represent
3529	persecution
3530	nonazis
3531	shouts
3532	grandmother
3533	psychological
3534	harbaugh
3535	flashbackfriday
3536	bash
3537	racis
3538	nigeria
3539	hannity
3540	marginalized
3541	early
3542	christians
3543	neverdelta
3544	mansplaining
3545	fought
3546	most
3547	disadvantaged
3548	meaning
3549	pop
3550	igmilitia
3551	ambition
3552	pos
3553	terrorize
3554	gotten
3555	djt
3556	legislative
3557	monster
3558	vicious
3559	inquiry
3560	techjunkiejhaltright
3561	yong
3562	bangladeshis
3563	fyi
3564	hatefilled
3565	various
3566	scared
3567	dinner
3568	sniff
3569	paisanhack
3570	they
3571	buddhist
3572	members
3573	phrases
3574	hole
3575	teammichaelpalage
3576	senate
3577	nopegida
3578	bag
3579	cows
3580	information
3581	extinction
3582	btw
3583	incredibly
3584	netanyahu
3585	sakesstop
3586	lives
3587	aboion
3588	less
3589	amoral
3590	whitey
3591	snaps
3592	betwn
3593	drfranciscresswelsing
3594	dolled
3595	neighbours
3596	incest
3597	notice
3598	hires
3599	relied
3600	unjust
3601	cymru
3602	die
3603	wellthese
3604	civilians
3605	crowd
3606	npr
3607	space
3608	prove
3609	globe
3610	wordtrumplethinskin
3611	jailed
3612	controversial
3613	putinsbitch
3614	animals
3615	bought
3616	tarnishing
3617	newyear
3618	compensatory
3619	stands
3620	generationkkk
3621	shi
3622	blast
3623	incompitent
3624	photographs
3625	falsenarrative
3626	put
3627	fakenewsale
3628	bin
3629	millions
3630	gtfoh
3631	wales
3632	bridge
3633	mouth
3634	connecting
3635	thissuppoing
3636	regarding
3637	minded
3638	fearlessly
3639	loteni
3640	waronchristmas
3641	obesity
3642	unamerican
3643	caer
3644	damned
3645	daughter
3646	denial
3647	nevr
3648	redcove
3649	stereotypes
3650	define
3651	fauxnews
3652	pm
3653	destructive
3654	breast
3655	populism
3656	episode
3657	trump
3658	feeding
3659	trumpproofamerica
3660	blacksagainsttrump
3661	wsaying
3662	pointer
3663	protesting
3664	kin
3665	leaders
3666	midtown
3667	weneed
3668	avitar
3669	wings
3670	aampe
3671	oppressi
3672	atheist
3673	ourselves
3674	celtic
3675	heater
3676	delusional
3677	character
3678	playing
3679	katiesikphoto
3680	waste
3681	solutions
3682	enable
3683	politically
3684	fake
3685	thugs
3686	fat
3687	neonazis
3688	making
3689	boob
3690	ads
3691	largely
3692	former
3693	illegalisraelisettlements
3694	tetanusimmunization
3695	kid
3696	japan
3697	folx
3698	sparks
3699	dollar
3700	aicles
3701	jackson
3702	rehired
3703	randomly
3704	cowardcops
3705	implication
3706	record
3707	nov
3708	emiratis
3709	meds
3710	guys
3711	geographic
3712	behaving
3713	totally
3714	continue
3715	opposed
3716	performer
3717	pays
3718	hrs
3719	controlled
3720	european
3721	careful
3722	everlord
3723	fostercare
3724	rather
3725	stupidity
3726	eod
3727	gracious
3728	front
3729	wiunion
3730	colinpowell
3731	eating
3732	whic
3733	fresh
3734	wildest
3735	secret
3736	mrampmrs
3737	unleashed
3738	sheree
3739	sdlive
3740	yep
3741	entire
3742	mill
3743	shabbatshalom
3744	validating
3745	sweetie
3746	german
3747	roads
3748	cakes
3749	presented
3750	notmypresidnet
3751	dumbism
3752	wanted
3753	shameful
3754	send
3755	policies
3756	oveurning
3757	childrape
3758	sunday
3759	smileyong
3760	thdocumentary
3761	people
3762	hated
3763	loses
3764	basketball
3765	deceit
3766	enteainment
3767	facts
3768	rife
3769	sequel
3770	innate
3771	werent
3772	unappetizing
3773	ideas
3774	prankster
3775	demonstrated
3776	westerners
3777	shop
3778	champ
3779	hamzayusuf
3780	obamacare
3781	vi
3782	needs
3783	cussed
3784	thurs
3785	colleague
3786	discourse
3787	trumpusa
3788	refresher
3789	quote
3790	nerd
3791	tpc
3792	least
3793	odd
3794	fantastic
3795	proimmigrant
3796	reflects
3797	canada
3798	bloggersblast
3799	originally
3800	christmas
3801	liberalism
3802	yall
3803	resolve
3804	metoo
3805	cramped
3806	perfumer
3807	sick
3808	bailreform
3809	policy
3810	star
3811	censorship
3812	conservative
3813	bandying
3814	mofo
3815	mother
3816	seashepherd
3817	wait
3818	delete
3819	sleep
3820	like
3821	interacts
3822	womens
3823	present
3824	flattering
3825	apologists
3826	fucking
3827	expecttrumps
3828	racist
3829	helpcovedolphins
3830	away
3831	hours
3832	starbucks
3833	whiteprivelage
3834	deltaairlines
3835	germans
3836	viewed
3837	herb
3838	ana
3839	disgraceful
3840	pussygrabber
3841	war
3842	incite
3843	serving
3844	influence
3845	phillysuppophilly
3846	savor
3847	racially
3848	founder
3849	mizzou
3850	germanys
3851	impossible
3852	were
3853	broad
3854	drunk
3855	journos
3856	neighbors
3857	carlpalladino
3858	affirmativeaction
3859	moredun
3860	learning
3861	required
3862	boys
3863	whiteman
3864	compass
3865	unitednations
3866	bragged
3867	microsoft
3868	useless
3869	vedic
3870	probation
3871	digged
3872	sins
3873	gwot
3874	occurredjust
3875	foolin
3876	klan
3877	illegalsettlements
3878	passes
3879	tasar
3880	tip
3881	mediamisogyny
3882	common
3883	closely
3884	sales
3885	tinfoilhat
3886	adl
3887	putinplant
3888	rooted
3889	birmingham
3890	summer
3891	hot
3892	frustrated
3893	january
3894	chain
3895	seeing
3896	release
3897	faiths
3898	saga
3899	nominee
3900	fashio
3901	crackalogic
3902	oprah
3903	bureau
3904	inquest
3905	crew
3906	karl
3907	ageoftrump
3908	alapoet
3909	incredible
3910	demonize
3911	shouldnt
3912	socialized
3913	potential
3914	doom
3915	obstacles
3916	feared
3917	tlc
3918	instagrams
3919	putin
3920	drink
3921	chat
3922	hillbilly
3923	someones
3924	jumpedtheshark
3925	notmyprez
3926	syndrome
3927	games
3928	asianmen
3929	thought
3930	servant
3931	fool
3932	lure
3933	chance
3934	march
3935	gravity
3936	caoons
3937	substantive
3938	future
3939	power
3940	ending
3941	claims
3942	types
3943	amateur
3944	holiday
3945	spread
3946	dependent
3947	pivo
3948	kkkblm
3949	remainers
3950	areclueless
3951	showmeyoureawoman
3952	fuel
3953	dignity
3954	bihcontrol
3955	ask
3956	southsudankot
3957	iefascistdemocracy
3958	havent
3959	traitor
3960	alexjones
3961	shot
3962	room
3963	rude
3964	omg
3965	mentioned
3966	pennsylvania
3967	workers
3968	leaves
3969	nano
3970	rainbow
3971	attention
3972	mispronouncing
3973	food
3974	whether
3975	district
3976	last
3977	being
3978	energy
3979	weasel
3980	goverment
3981	hye
3982	words
3983	twisted
3984	migitorio
3985	australian
3986	aloha
3987	pakis
3988	lmfao
3989	repulsive
3990	suppoers
3991	nationdivider
3992	describe
3993	breaks
3994	repetitive
3995	deeper
3996	crashes
3997	governments
3998	meaningless
3999	today
4000	rhashtags
4001	yr
4002	showed
4003	walked
4004	nudist
4005	liked
4006	mr
4007	childish
4008	stalking
4009	laws
4010	nope
4011	echo
4012	winter
4013	climatechange
4014	chaplin
4015	league
4016	irrefutable
4017	herschlags
4018	nikita
4019	becomin
4020	combat
4021	consultant
4022	ark
4023	liberalisme
4024	swear
4025	massive
4026	chosen
4027	infants
4028	thread
4029	joy
4030	publicly
4031	stuffed
4032	comprehend
4033	status
4034	via
4035	kwanzaa
4036	tony
4037	whitesupremacists
4038	jokeoftheday
4039	parent
4040	reveal
4041	smile
4042	zurich
4043	whiteguys
4044	theresamay
4045	grp
4046	fly
4047	blame
4048	kurds
4049	sexist
4050	marketing
4051	native
4052	qatar
4053	trht
4054	bitchesbelike
4055	white
4056	housewife
4057	blackvote
4058	antisemitism
4059	stand
4060	tornado
4061	prompts
4062	disrespectful
4063	wso
4064	tsa
4065	inflict
4066	walk
4067	emirati
4068	her
4069	waiting
4070	kinda
4071	churchs
4072	jcpenny
4073	citizenaction
4074	nigelfarage
4075	economic
4076	comparisons
4077	economicsanctions
4078	mistake
4079	con
4080	get
4081	monsters
4082	vocabulary
4083	offer
4084	democrat
4085	boycottjcpenney
4086	genes
4087	distos
4088	errand
4089	proves
4090	thegreenpalmcottage
4091	systems
4092	mandate
4093	shitshow
4094	fakenewsmedia
4095	rul
4096	quotes
4097	calmly
4098	defend
4099	nyt
4100	donaldtrumps
4101	meme
4102	reflections
4103	oppressed
4104	venue
4105	worried
4106	freedoms
4107	moveable
4108	cnv
4109	britain
4110	would
4111	averse
4112	lpc
4113	staff
4114	intercourse
4115	warns
4116	tinyhands
4117	educated
4118	cons
4119	keithx
4120	brilliant
4121	ashamed
4122	figure
4123	stlouis
4124	oven
4125	skywilliams
4126	lgbtfamilybut
4127	definition
4128	easier
4129	willoughbys
4130	allof
4131	breathe
4132	message
4133	skank
4134	sizescuts
4135	stpp
4136	historically
4137	gate
4138	models
4139	rambling
4140	coalitionist
4141	outraged
4142	bookpublishing
4143	celebritydeath
4144	wondered
4145	wearing
4146	msnbc
4147	offered
4148	facemask
4149	sessions
4150	subversive
4151	witness
4152	ux
4153	topic
4154	jihad
4155	african
4156	genocidedefender
4157	obamalegacy
4158	dumbass
4159	ivanka
4160	india
4161	slur
4162	foodie
4163	weird
4164	divisive
4165	remote
4166	motivate
4167	oughta
4168	gen
4169	eugenics
4170	openly
4171	ratings
4172	nofur
4173	tedatibm
4174	conversations
4175	saw
4176	verbally
4177	australians
4178	bankrupt
4179	golf
4180	chief
4181	buggeroffboris
4182	nations
4183	fascism
4184	following
4185	veiled
4186	filthy
4187	uniteblue
4188	milk
4189	breaking
4190	representation
4191	headlines
4192	know
4193	surprised
4194	colonisation
4195	dying
4196	zionists
4197	democraticpay
4198	crisis
4199	everybody
4200	fail
4201	held
4202	finally
4203	unwell
4204	scumbag
4205	rape
4206	dystopian
4207	help
4208	cuckold
4209	unchained
4210	appropriating
4211	relationship
4212	donations
4213	flyer
4214	talent
4215	especially
4216	attire
4217	mogage
4218	prostitutes
4219	wew
4220	promoting
4221	allows
4222	distinct
4223	inevitable
4224	sophisticated
4225	comment
4226	vengeance
4227	cjreform
4228	tribalism
4229	slapcam
4230	helpless
4231	noone
4232	scatter
4233	illegitimate
4234	butthucreepers
4235	paul
4236	explanation
4237	move
4238	russiagate
4239	roll
4240	netanyahou
4241	coming
4242	donald
4243	funny
4244	debacle
4245	position
4246	feed
4247	kaaba
4248	harsh
4249	warmonger
4250	unite
4251	fascists
4252	yusuf
4253	brag
4254	enlightenment
4255	scale
4256	helping
4257	banksjimmy
4258	ignorancehate
4259	yiannopoulosis
4260	yell
4261	officers
4262	wishes
4263	workplace
4264	stripe
4265	chepstow
4266	denounce
4267	response
4268	sciencefiction
4269	agitator
4270	quoted
4271	decriminaliz
4272	merkel
4273	between
4274	neighborhood
4275	meeting
4276	audism
4277	expes
4278	lawrence
4279	crimes
4280	myoneresolution
4281	stockpiles
4282	 makes
4283	corps
4284	shows
4285	countryis
4286	resistance
4287	wins
4288	model
4289	pittsburgh
4290	moments
4291	nut
4292	murdered
4293	bn
4294	seats
4295	same
4296	manhattan
4297	mosque
4298	voting
4299	truthfully
4300	opponent
4301	whiners
4302	uncov
4303	georgia
4304	darkness
4305	regnant
4306	geared
4307	only
4308	blueeyesbrowneyes
4309	attack
4310	noyulin
4311	quebec
4312	waitingf
4313	intellectual
4314	races
4315	pussies
4316	mcconnell
4317	marry
4318	dems
4319	marxism
4320	order
4321	neighborhoods
4322	amwriting
4323	messiah
4324	change
4325	manypols
4326	landholding
4327	opi
4328	districts
4329	yoyas
4330	jeremyjoseph
4331	goppropaganda
4332	ago
4333	authorities
4334	epidemic
4335	peruvian
4336	ranting
4337	challenging
4338	maps
4339	barackobama
4340	yousuck
4341	sit
4342	social
4343	milwaukee
4344	disingenuous
4345	dies
4346	expose
4347	shitler
4348	shopping
4349	lynching
4350	renowned
4351	fetishes
4352	blacks
4353	questions
4354	psychopath
4355	unfit
4356	boots
4357	highlycontested
4358	teambts
4359	fallacy
4360	covering
4361	asean
4362	antisemtism
4363	freaking
4364	path
4365	judd
4366	socialists
4367	graduated
4368	hypocrisy
4369	feliz
4370	grou
4371	remain
4372	allowing
4373	since
4374	snostalgia
4375	truthand
4376	prayer
4377	voice
4378	disgusted
4379	doublestandards
4380	afrofuturism
4381	nds
4382	someone
4383	chicago
4384	complaint
4385	dvbmultimediagroup
4386	pandy
4387	domesticviolence
4388	survived
4389	catch
4390	hypocritical
4391	centre
4392	trumpism
4393	bailed
4394	humphrey
4395	blog
4396	thank
4397	attorneygeneral
4398	lgbtq
4399	blackman
4400	reach
4401	arnt
4402	derek
4403	mcdaniel
4404	unicef
4405	sjw
4406	rise
4407	malevote
4408	town
4409	eurosceptic
4410	challenge
4411	lolol
4412	merocrush
4413	kickrocks
4414	lazio
4415	allow
4416	myanmars
4417	everything
4418	wout
4419	marvel
4420	stopthewars
4421	racists
4422	heaven
4423	diff
4424	sad
4425	moviemad
4426	topless
4427	hid
4428	associates
4429	damage
4430	nonracist
4431	latinos
4432	spo
4433	rhetoric
4434	substantially
4435	disparo
4436	kiss
4437	imperialism
4438	three
4439	runs
4440	biblical
4441	condoleezzarice
4442	neck
4443	joke
4444	problem
4445	entreteiment
4446	whiteskinned
4447	office
4448	louisville
4449	profiled
4450	train
4451	unfair
4452	abetting
4453	letter
4454	rima
4455	public
4456	enabler
4457	works
4458	states
4459	epic
4460	wonder
4461	kingconrad
4462	duh
4463	greed
4464	grave
4465	flushed
4466	pathetic
4467	dumptrump
4468	officerstaff
4469	voters
4470	hawaii
4471	terraced
4472	worksheet
4473	swastika
4474	enough
4475	intrumpsamerica
4476	thatzille
4477	opposite
4478	systemicracism
4479	anal
4480	yeah
4481	detre
4482	asap
4483	masjids
4484	dumb
4485	facility
4486	refer
4487	idolized
4488	rage
4489	domestics
4490	swap
4491	lobotomy
4492	motherfucker
4493	countries
4494	lds
4495	deleted
4496	madness
4497	jissus
4498	lines
4499	nobdy
4500	expats
4501	soon
4502	spanish
4503	happier
4504	vandalised
4505	laser
4506	thighhigh
4507	snatch
4508	moi
4509	coal
4510	creature
4511	hatespeech
4512	everywhere
4513	bed
4514	hereticfoundation
4515	evil
4516	unpresidented
4517	lithuania
4518	relations
4519	sex
4520	manifestdestiny
4521	education
4522	humorous
4523	nuff
4524	whitepower
4525	ndn
4526	into
4527	carl
4528	armenian
4529	confused
4530	shis
4531	jerodtwin
4532	smaller
4533	dividerofanation
4534	repeat
4535	incl
4536	potter
4537	anything
4538	primed
4539	gracemugabe
4540	truth
4541	online
4542	tweeted
4543	goodonedean
4544	idiot
4545	stocking
4546	grab
4547	horrible
4548	cockwomble
4549	valid
4550	donkey
4551	buttholemouth
4552	racetraitors
4553	keys
4554	living
4555	kind
4556	aint
4557	preorder
4558	screaming
4559	sheep
4560	unpacks
4561	misogny
4562	straya
4563	judea
4564	haters
4565	app
4566	rapechucktodd
4567	goon
4568	rich
4569	head
4570	capitalism
4571	inworlds
4572	travellers
4573	stillwithher
4574	nothing
4575	steubenville
4576	gee
4577	stoppe
4578	pussy
4579	kevin
4580	princess
4581	vital
4582	org
4583	inferioritycomplex
4584	sdob
4585	reactionary
4586	bad
4587	west
4588	reconsider
4589	elect
4590	raceplay
4591	roof
4592	afghanistan
4593	study
4594	impression
4595	jew
4596	miriam
4597	craziness
4598	homophobe
4599	killing
4600	svpol
4601	sham
4602	silveragatka
4603	legend
4604	amanda
4605	hiding
4606	shocker
4607	leb
4608	afraid
4609	key
4610	buddy
4611	beingassuming
4612	microaggressions
4613	properly
4614	charges
4615	worse
4616	blowjob
4617	entering
4618	emma
4619	chelski
4620	sadly
4621	cameronstaff
4622	architecture
4623	university
4624	laurenduca
4625	amy
4626	becomes
4627	crack
4628	david
4629	republicans
4630	paladino
4631	inn
4632	cake
4633	eat
4634	asks
4635	pavillions
4636	communismislam
4637	explain
4638	arc
4639	shepherd
4640	riddance
4641	negative
4642	paladinos
4643	buzzfeeds
4644	tinyfingeredpuppet
4645	rants
4646	keithellisons
4647	colored
4648	prosecutorialmisconduct
4649	stories
4650	longer
4651	slave
4652	curriculum
4653	comments
4654	holier
4655	exposeracism
4656	accuse
4657	belongs
4658	settlements
4659	deaths
4660	still
4661	victim
4662	isolationist
4663	without
4664	whitegenocide
4665	differently
4666	advancement
4667	peacein
4668	denzelwashington
4669	stupidto
4670	blackpeople
4671	classism
4672	could
4673	liberallogic
4674	ridiculously
4675	lbgt
4676	whopped
4677	shackles
4678	prick
4679	simply
4680	cannon
4681	piss
4682	internet
4683	action
4684	crazed
4685	endlessly
4686	arrogant
4687	daddy
4688	blogpost
4689	kindness
4690	repping
4691	melo
4692	push
4693	bp
4694	hilarious
4695	chronic
4696	prez
4697	corruption
4698	encounters
4699	hostility
4700	low
4701	ultranationalism
4702	clickbait
4703	sexting
4704	wilsons
4705	jarodtaylor
4706	clothes
4707	better
4708	basis
4709	selfloathing
4710	ladies
4711	sme
4712	physical
4713	slices
4714	tears
4715	racialequity
4716	cutsie
4717	johnrkhoward
4718	whatsoever
4719	ideology
4720	fuckdonaldtrump
4721	grabbing
4722	womenissues 
4723	hube
4724	hold
4725	rare
4726	plain
4727	altright
4728	tips
4729	numbers
4730	harassers
4731	sjwlogic
4732	glitter
4733	atk
4734	cleveland
4735	meltingpot
4736	overwhelming
4737	names
4738	stream
4739	wages
4740	giant
4741	multiracial
4742	passing
4743	manager
4744	opkillingbayseashepherd
4745	firstfamily
4746	pictures
4747	tory
4748	nor
4749	proudly
4750	spain
4751	ebay
4752	mil
4753	ongoing
4754	pizzagate
4755	fishburn
4756	surrogate
4757	nunes
4758	whiter
4759	annoying
4760	traitorump
4761	ran
4762	levin
4763	admin
4764	flippant
4765	pressure
4766	major
4767	trending
4768	producers
4769	story
4770	tweettaiji
4771	cunt
4772	whitenationalist
4773	hillary
4774	ofc
4775	scientists
4776	conference
4777	elitist
4778	rother
4779	nicola
4780	situation
4781	middle
4782	boos
4783	callin
4784	whitesboro
4785	oft
4786	treasonoustrump
4787	ugly
4788	gutter
4789	nationala
4790	bleating
4791	super
4792	hopefully
4793	serves
4794	americad
4795	combined
4796	breakfast
4797	arabic
4798	fatherhood
4799	much
4800	marks
4801	originated
4802	belgian
4803	americas
4804	global
4805	newyearseve
4806	cable
4807	touch
4808	again
4809	government
4810	debate
4811	audiblechannels
4812	tbt
4813	algona
4814	inbred
4815	brain
4816	resignation
4817	fries
4818	extremism
4819	brownshi
4820	fighters
4821	humiliating
4822	demoralizing
4823	elxn
4824	sulfur
4825	penis
4826	occupation
4827	seat
4828	pedophile
4829	justice
4830	skin
4831	backlash
4832	ku
4833	hugh
4834	polygeny
4835	compet
4836	democratic
4837	funeral
4838	losses
4839	neutrality
4840	average
4841	hillaryclinton
4842	aande
4843	whores
4844	mentioning
4845	antiblackness
4846	sexualharassment
4847	tired
4848	century
4849	plate
4850	sexpredator
4851	troll
4852	interested
4853	classifieds
4854	med
4855	hip
4856	final
4857	competitiveness
4858	natt
4859	london
4860	though
4861	family
4862	bout
4863	raise
4864	critical
4865	knitting
4866	clip
4867	shyan
4868	niga
4869	xmas
4870	masses
4871	body
4872	delta
4873	door
4874	contempt
4875	michaelacoel
4876	xenopbobia
4877	freeman
4878	recently
4879	footballbut
4880	horizonalways
4881	metrics
4882	hmmmsounds
4883	swampmonster
4884	versace
4885	basically
4886	interfering
4887	against
4888	needknow
4889	fans
4890	shagged
4891	furore
4892	plantation
4893	woh
4894	images
4895	kelly
4896	subhuman
4897	cochair
4898	blood
4899	ableism
4900	trumpuniversity
4901	justified
4902	billionaire
4903	heabreaking
4904	paid
4905	attorneys
4906	mud
4907	homoresistant
4908	keyboard
4909	abpoli
4910	moronsmatter
4911	sticker
4912	inferior
4913	sewage
4914	playground
4915	leaving
4916	existing
4917	allies
4918	old
4919	difference
4920	ibooks
4921	empress
4922	criminals
4923	jesus
4924	feds
4925	drill
4926	montana
4927	building
4928	votersuppression
4929	neocolonialism
4930	uniting
4931	indian
4932	treacherous
4933	phenomenon
4934	asylumseekers
4935	protests
4936	donation
4937	defeated
4938	childlabor
4939	environmental
4940	zilles
4941	lots
4942	given
4943	mere
4944	flood
4945	achilles
4946	actors
4947	dear
4948	burn
4949	pigs
4950	macdonald
4951	defined
4952	hardcoresex
4953	clio
4954	inspiration
4955	things
4956	islamichomophobicrapistwho
4957	precision
4958	topoli
4959	tht
4960	genderequity
4961	lack
4962	trompas
4963	written
4964	cringe
4965	adveisments
4966	turned
4967	isis
4968	pupil
4969	republicwhitepower
4970	popular
4971	yelling
4972	holidays
4973	antijewish
4974	hard
4975	leather
4976	effect
4977	presenter
4978	slash
4979	disc
4980	lmao
4981	wife
4982	woobietuesday
4983	nomandate
4984	euro
4985	disgraced
4986	oiler
4987	verbalassault
4988	boycott
4989	overlap
4990	mdcollege
4991	ruin
4992	ating
4993	nokkk
4994	press
4995	promise
4996	regressive
4997	destroying
4998	cultism
4999	poopin
5000	noborders
5001	others
5002	donaldduck
5003	koolaid
5004	played
5005	henrico
5006	wingers
5007	lets
5008	slug
5009	guardian
5010	poster
5011	effects
5012	standards
5013	bookreview
5014	putinspuppet
5015	voter
5016	believe
5017	agreed
5018	whiteamerica
5019	eren
5020	modern
5021	littering
5022	makeo
5023	anothr
5024	dec
5025	galery
5026	propose
5027	bonuses
5028	malay
5029	mark
5030	foreign
5031	adult
5032	trc
5033	discussing
5034	laughs
5035	knows
5036	plaster
5037	next
5038	fibromyalgia
5039	bye
5040	itmaybe
5041	israel
5042	cologne
5043	toured
5044	newyears
5045	thecove
5046	wohless
5047	nelsonmandela
5048	live
5049	hopes
5050	sketches
5051	moving
5052	belief
5053	christia
5054	cognizant
5055	shuckinandjivin
5056	respond
5057	andrew
5058	watched
5059	ally
5060	loveknow
5061	murdering
5062	samaria
5063	term
5064	projecting
5065	wade
5066	thepoliticalmillennial
5067	solved
5068	blacklives
5069	michelle
5070	segregation
5071	rapist
5072	growing
5073	happykwanzaa
5074	everythingisracist
5075	canadians
5076	crcker
5077	victoria
5078	critiquing
5079	name
5080	wailed
5081	samehypocrite
5082	spam
5083	offences
5084	wild
5085	drivers
5086	good
5087	wahhhh
5088	harmful
5089	naked
5090	fashion
5091	drinkdark
5092	slaves
5093	sedition
5094	indeed
5095	combover
5096	alleged
5097	gop
5098	rapeculture
5099	eyesvote
5100	angryignorantand
5101	sucked
5102	raid
5103	advice
5104	commentsyou
5105	harder
5106	american
5107	apostolis
5108	swinging
5109	cashing
5110	pushing
5111	nuclear
5112	dark
5113	probably
5114	texas
5115	board
5116	applicable
5117	enabled
5118	muslimpos
5119	govegan
5120	couesy
5121	staed
5122	prejudiced
5123	notmypresident
5124	net
5125	excuses
5126	humanrights
5127	zionism
5128	commie
5129	hand
5130	falsely
5131	bestoftheweek
5132	semitic
5133	mc
5134	marrying
5135	nbc
5136	reproductiverights
5137	course
5138	quick
5139	morganfreeman
5140	ssnaddresshome
5141	dinosaurs
5142	striker
5143	vestal
5144	reagans
5145	soul
5146	sunbury
5147	educate
5148	retail
5149	sundown
5150	stain
5151	revolution
5152	ndtv
5153	asslicker
5154	farah
5155	reagan
5156	crashed
5157	even
5158	oldwoman
5159	illegal
5160	
5161	diversity
5162	historic
5163	hate
5164	brainsjust
5165	slant
5166	hire
5167	westerncape
5168	victims
5169	jealousy
5170	vogue
5171	mormonism
5172	police
5173	elected
5174	propey
5175	forward
5176	cab
5177	lock
5178	clear
5179	leftistlunatics
5180	netanyahuspeech
5181	hrc
5182	movies
5183	familiesfamilycircus
5184	racial
5185	neo
5186	womandegrading
5187	gaza
5188	biggest
5189	construction
5190	irritations
5191	wilmington
5192	closeted
5193	athletes
5194	convinced
5195	inequality
5196	able
5197	watch
5198	missed
5199	saved
5200	judged
5201	trumpdarkzone
5202	harmless
5203	hunger
5204	standwithisrael
5205	sovereignty
5206	atlanta
5207	putins
5208	environmentalist
5209	jewworldorder
5210	nia
5211	creepy
5212	cathedral
5213	selfie
5214	fathers
5215	give
5216	replacyclay
5217	peek
5218	canucks
5219	oppress
5220	cease
5221	stay
5222	she
5223	antisemite
5224	him
5225	terrible
5226	tedinstitute
5227	considering
5228	attitude
5229	site
5230	according
5231	fatty
5232	headline
5233	waged
5234	hyena
5235	continues
5236	condescension
5237	miami
5238	huge
5239	california
5240	veto
5241	prevent
5242	courage
5243	defines
5244	hacketts
5245	terming
5246	gentlemen
5247	nose
5248	manmade
5249	realize
5250	prohibition
5251	smug
5252	africanamerican
5253	favorite
5254	jumpedthesh
5255	rousey
5256	discriminating
5257	yehtut
5258	plight
5259	hearing
5260	justjustice
5261	block
5262	deafed
5263	overexcited
5264	incineration
5265	ignore
5266	celebrates
5267	reflect
5268	breed
5269	legitimizing
5270	wear
5271	internationallaw
5272	catcalled
5273	happy
5274	adam
5275	look
5276	themselves
5277	snowflakes
5278	festive
5279	heeded
5280	micheleobama
5281	europe
5282	anc
5283	beaten
5284	posted
5285	overcome
5286	takuyakimura
5287	mf
5288	regularass
5289	satanists
5290	offensivememes
5291	hags
5292	passengers
5293	smells
5294	gaslighting
5295	fliers
5296	huh
5297	apes
5298	lame
5299	noticed
5300	inherent
5301	grassrootsaction
5302	obamajarretts
5303	monetary
5304	hollywood
5305	allowed
5306	circle
5307	makeamericagreatagain
5308	diisgusted
5309	sexy
5310	hocomd
5311	bbc
5312	retweeted
5313	creating
5314	talk
5315	wen
5316	uglylady
5317	vomit
5318	barack
5319	burma
5320	asshat
5321	nafris
5322	crazybengiefbps
5323	plans
5324	past
5325	per
5326	sitting
5327	east
5328	pamelaramseytaylor
5329	distinguished
5330	kneejerk
5331	fluently
5332	smooth
5333	littleenglander
5334	guy
5335	purposedly
5336	safety
5337	orange
5338	norrisgreen
5339	afternoon
5340	murders
5341	yur
5342	appearance
5343	line
5344	changed
5345	disenfranchised
5346	whatinlieuof
5347	among
5348	suspected
5349	incident
5350	illegalguns
5351	lackey
5352	lan
5353	forher
5354	bdsm
5355	happened
5356	pizza
5357	datingapps
5358	indoctrinating
5359	col
5360	tiffany
5361	eah
5362	number
5363	suppo
5364	murderer
5365	grandsons
5366	lanasprayberry
5367	kissmyarse
5368	lockerroomtalk
5369	insensitive
5370	demeaning
5371	tenacity
5372	point
5373	boo
5374	suicide
5375	joined
5376	everyone
5377	prices
5378	fully
5379	repoingsystem
5380	befriending
5381	tattler
5382	feigned
5383	salt
5384	open
5385	talented
5386	including
5387	etc
5388	gave
5389	buffalo
5390	yea
5391	play
5392	bullies
5393	damn
5394	jacobmarley
5395	advocates
5396	alone
5397	tuned
5398	repoed
5399	coward
5400	cochairman
5401	films
5402	alcoholic
5403	aptly
5404	genealogy
5405	once
5406	choose
5407	ultimately
5408	nofear
5409	unitedstateschampion
5410	ww
5411	ethnically
5412	tool
5413	stages
5414	egregious
5415	harlem
5416	alternative
5417	naacp
5418	handwritten
5419	tainting
5420	drown
5421	fraud
5422	member
5423	familys
5424	underlying
5425	race
5426	taharrush
5427	ufc
5428	aleppo
5429	dutch
5430	unity
5431	slutty
5432	abe
5433	endhate
5434	issue
5435	interracial
5436	prevents
5437	xenophobe
5438	high
5439	triggered
5440	pedophiles
5441	zimbabwe
5442	shockfactor
5443	whining
5444	breathes
5445	heck
5446	minds
5447	sir
5448	aussie
5449	lie
5450	commit
5451	nohope
5452	title
5453	movement
5454	caused
5455	sisters
5456	richie
5457	definitive
5458	russia
5459	emirat
5460	mercy
5461	associated
5462	antiamerican
5463	systemic
5464	garbage
5465	joemixon
5466	dept
5467	idiots
5468	noting
5469	blackface
5470	tyruswong
5471	passed
5472	experience
5473	conaist
5474	vs
5475	dnc
5476	koreans
5477	birdsofafeather
5478	getreal
5479	spreadlovethischristmas
5480	displaced
5481	draintheswamp
5482	comes
5483	mtvwhiteguys
5484	supremecou
5485	sept
5486	biher
5487	economy
5488	dancers
5489	classy
5490	minorities
5491	showing
5492	lovecraft
5493	pig
5494	media
5495	blacklivesmatter
5496	perfect
5497	realized
5498	readingbuying
5499	queen
5500	cabinet
5501	buttoning
5502	codeword
5503	zionazi
5504	turning
5505	genocide
5506	fights
5507	infamous
5508	tube
5509	cora
5510	dogwhistle
5511	risk
5512	fearmongering
5513	goaded
5514	ect
5515	possible
5516	towns
5517	unleashes
5518	beforesex
5519	whitepriv
5520	eahs
5521	villy
5522	wrong
5523	sided
5524	materials
5525	area
5526	yearolds
5527	carolina
5528	islamic
5529	teen
5530	megaupload
5531	woow
5532	itz
5533	off
5534	merry
5535	waiter
5536	complain
5537	resist
5538	communitythey
5539	shadowed
5540	reinforced
5541	fakequity
5542	administration
5543	unsatisfied
5544	sweety
5545	islamofascist
5546	store
5547	bustymilf
5548	smiling
5549	machine
5550	convo
5551	racismfacinghis
5552	trolls
5553	opkkk
5554	sabotage
5555	arabs
5556	predictions
5557	miller
5558	stuff
5559	going
5560	remark
5561	blocked
5562	panthers
5563	antisemetic
5564	silence
5565	horribly
5566	wake
5567	pegida
5568	misrepresentation
5569	jeffsessions
5570	societies
5571	abusive
5572	socialclass
5573	everyon
5574	mike
5575	chomsky
5576	freeways
5577	robinson
5578	hating
5579	makes
5580	islam
5581	rule
5582	everyones
5583	detention
5584	teamsuperjunior
5585	wrongful
5586	sympathized
5587	hater
5588	increased
5589	haim
5590	neighbor
5591	exhausted
5592	leftist
5593	pulled
5594	game
5595	yorkers
5596	unabated
5597	cent
5598	tuckercarlson
5599	lost
5600	serious
5601	factory
5602	ceo
5603	attracted
5604	symbols
5605	columbiamd
5606	transition
5607	judges
5608	apologies
5609	ampor
5610	target
5611	thefuture
5612	hopeful
5613	beast
5614	clinton
5615	survey
5616	involved
5617	hispanicvote
5618	noafd
5619	priviledge
5620	boycottdelta
5621	blatant
5622	campaign
5623	subjected
5624	come
5625	crude
5626	ifyourenotwhiteyourenotracist
5627	act
5628	southern
5629	citizenry
5630	afamhist
5631	emoji
5632	draftdodger
5633	homosex
5634	homes
5635	ahead
5636	decide
5637	college
5638	wasnt
5639	responds
5640	fragile
5641	shall
5642	chaer
5643	market
5644	disabilities
5645	santaproject
5646	killed
5647	aberrant
5648	staging
5649	maneuver
5650	leejasper
5651	lose
5652	peotus
5653	comedians
5654	likely
5655	attempted
5656	program
5657	coopting
5658	vetting
5659	winning
5660	sexualbullying
5661	omarosas
5662	stammendment
5663	let
5664	happening
5665	picture
5666	liz
5667	nigga
5668	approx
5669	smaimmigration
