	frequency	hate-words
0	1	hvg
3111	1	household
3112	1	garbagepailkids
3113	1	profession
3117	1	legislature
3118	1	berlinattack
3120	1	answers
3122	1	opposing
3125	1	irishman
3128	1	ergo
3129	1	endofcivilization
3130	1	toy
3110	1	classroom
3131	1	kpopdance
3133	1	youdisgustme
3134	1	marathi
3135	1	highlights
3136	1	incidents
3137	1	entitlement
3140	1	boil
3143	1	drop
3144	1	authority
3149	1	yavin
3150	1	inhumans
3153	1	poetry
3132	1	adves
3155	1	novel
3107	1	entered
3105	1	bogard
3053	1	statementdoubling
3054	1	hategroup
3056	1	misunderstood
3059	1	pornstars
3061	1	blacksupremacist
3068	1	institutionalized
3071	1	communists
3072	1	donny
3073	1	ampamp
3074	1	protesters
3075	1	britains
3106	1	lapdog
3078	1	padded
3084	1	bjork
3087	1	activism
3088	1	integrity
3090	1	teeth
3091	1	web
3095	1	sarcastic
3096	1	applauding
3099	1	warsforoil
3100	1	princecharles
3101	1	teenagers
3102	1	truckload
3080	1	burbank
3050	1	clock
3156	1	allgrownup
3159	1	songwords
3227	1	smog
3228	1	mannequinchallenge
3233	1	everydayheroes
3234	1	womans
3235	1	selfhating
3236	1	stereotyping
3237	1	magical
3238	1	stuakenyon
3239	1	crosscheckingvoter
3240	1	scraps
3241	1	illustrated
3225	1	journalists
3248	1	robbiewilliams
3253	1	keeping
3254	1	sisterinlaw
3257	1	terminology
3260	1	berberian
3262	1	manhate
3264	1	jemele
3265	1	putinpuppet
3267	1	struggling
3268	1	uday
3269	1	womenwednesday
3278	1	surface
3252	1	brought
3158	1	egomaniac
3224	1	utterly
3220	1	misconceptions
3162	1	later
3163	1	cheap
3164	1	demanding
3166	1	angrygaymafia
3168	1	ameture
3173	1	duke
3175	1	differences
3177	1	restricted
3180	1	victory
3186	1	verizon
3187	1	suffrage
3223	1	nobody
3188	1	regas
3193	1	asssssworst
3198	1	released
3200	1	center
3202	1	malikrichmond
3203	1	kingfisher
3206	1	outhmm
3211	1	officials
3214	1	antiracist
3216	1	trumpinauguration
3217	1	revoltingly
3219	1	riding
3189	1	freemasons
3279	1	frat
3049	1	clown
3045	1	sjws
2873	1	profitable
2874	1	affected
2875	1	stopsexism
2878	1	mcfadden
2884	1	msdhu
2887	1	thwaed
2891	1	labour
2892	1	supermariorun
2895	1	matthew
2898	1	copy
2902	1	governor
2869	1	rendition
2903	1	interviews
2907	1	interesting
2908	1	antiislamist
2910	1	nudity
2912	1	wifebeater
2915	1	appreciate
2917	1	informing
2920	1	suggests
2921	1	somebody
2922	1	thinking
2923	1	waime
2925	1	munmid
2904	1	taxwriteoff
2930	1	drugs
2868	1	deming
2864	1	notamericaschoice
2811	1	griffiths
2812	1	slavelabor
2813	1	merely
2818	1	qualifications
2820	1	rightfully
2823	1	spoty
2824	1	arise
2828	1	ampfunny
2830	1	rachelmaddow
2831	1	protects
5668	1	approx
2866	1	mascot
2835	1	glee
2839	1	equivalent
2840	1	dares
2843	1	dealing
2844	1	created
2846	1	saturdayblogshare
2847	1	sandniggers
2853	1	explained
2855	1	checkcashing
2856	1	unequal
2857	1	fooled
2861	1	backhanders
2837	1	hillarylost
3048	1	tragic
2932	1	theview
2934	1	buddhism
3003	1	ebonics
3004	1	malvern
3005	1	objective
3006	1	dumbingdownofamerica
3007	1	shine
3008	1	msian
3009	1	eltham
3011	1	cambma
3012	1	camps
3013	1	internal
3016	1	embodied
3002	1	exaggeration
3017	1	blackbrown
3021	1	triggerwarning
3024	1	staywoke
3025	1	swingtanzenverboten
3026	1	scars
3028	1	videogames
3033	1	antiegalitarianism
3034	1	newyearsevemay
3037	1	ignoring
3038	1	loathsome
3039	1	reducing
3040	1	whiteslavery
3020	1	tackling
2933	1	results
3001	1	tables
2994	1	timwise
2937	1	scores
2938	1	bambi
2939	1	enemy
2940	1	perpetuating
2942	1	nowthattheholidaysaredone
2944	1	excludedmarginalised
2945	1	discoved
2950	1	ideals
2951	1	weirdos
2952	1	evolutions
2954	1	unfounately
2999	1	precrime
2957	1	puts
2965	1	french
2971	1	theistic
2972	1	newghostbusters
2974	1	whose
2977	1	drsuess
2979	1	trumplies
2980	1	pmet
2983	1	studying
2986	1	notfunny
2988	1	separate
2990	1	bracelet
2959	1	interterrestrial
3280	1	narcissimmisogyny
3283	1	highstool
3285	1	strawberry
3569	1	paisanhack
3571	1	buddhist
3573	1	phrases
3575	1	teammichaelpalage
3576	1	senate
3577	1	nopegida
3579	1	cows
3581	1	extinction
3583	1	incredibly
3585	1	sakesstop
3589	1	amoral
3568	1	sniff
3592	1	betwn
3594	1	dolled
3595	1	neighbours
3598	1	hires
3599	1	relied
3600	1	unjust
3601	1	cymru
3603	1	wellthese
3604	1	civilians
3605	1	crowd
3609	1	globe
3610	1	wordtrumplethinskin
3593	1	drfranciscresswelsing
3611	1	jailed
3567	1	dinner
3564	1	hatefilled
3519	1	coherently
3522	1	beating
3525	1	economicapaheid
3526	1	hatredgreedamp
3527	1	usshootingsaccidentsabuse
3529	1	persecution
3530	1	nonazis
3531	1	shouts
3532	1	grandmother
3534	1	harbaugh
3535	1	flashbackfriday
3565	1	various
3539	1	hannity
3543	1	neverdelta
3547	1	disadvantaged
3550	1	igmilitia
3551	1	ambition
3553	1	terrorize
3554	1	gotten
3556	1	legislative
3558	1	vicious
3559	1	inquiry
3560	1	techjunkiejhaltright
3562	1	bangladeshis
3540	1	marginalized
3518	1	republicantrash
3613	1	putinsbitch
3616	1	tarnishing
3669	1	wings
3672	1	atheist
3676	1	delusional
3679	1	katiesikphoto
3683	1	politically
3685	1	thugs
3694	1	tetanusimmunization
3701	1	jackson
3702	1	rehired
3703	1	randomly
3705	1	implication
3668	1	avitar
3709	1	meds
3722	1	everlord
3723	1	fostercare
3726	1	eod
3727	1	gracious
3728	1	front
3729	1	wiunion
3732	1	whic
3738	1	sheree
3739	1	sdlive
3740	1	yep
3743	1	shabbatshalom
3717	1	pays
3614	1	animals
3667	1	weneed
3662	1	pointer
3618	1	compensatory
3620	1	generationkkk
3623	1	incompitent
3624	1	photographs
3625	1	falsenarrative
3627	1	fakenewsale
3630	1	gtfoh
3631	1	wales
3635	1	thissuppoing
3637	1	minded
3638	1	fearlessly
3666	1	midtown
3639	1	loteni
3641	1	obesity
3642	1	unamerican
3647	1	nevr
3648	1	redcove
3651	1	fauxnews
3654	1	breast
3655	1	populism
3656	1	episode
3659	1	trumpproofamerica
3660	1	blacksagainsttrump
3661	1	wsaying
3640	1	waronchristmas
3514	1	bilal
3512	1	posting
3510	1	fundamentalism
3340	1	nonwhite
3341	1	latesnews
3343	1	hipster
3345	1	employees
3346	1	championed
3348	1	kimburrell
3349	1	biopolitics
3351	1	grows
3353	1	childfree
3355	1	cave
3357	1	roughwaters
3339	1	neogaf
3359	1	youngturks
3365	1	bills
3367	1	lowest
3369	1	liveleap
3370	1	leftard
3373	1	quietly
3374	1	yeg
3375	1	trendolizer
3376	1	breeds
3377	1	intersectionality
3381	1	dickhole
3382	1	noballs
3362	1	reginald
3384	1	cbb
3338	1	local
3335	1	bml
3286	1	moto
3287	1	parentage
3292	1	married
3295	1	animation
3297	1	burmese
3298	1	dts
3301	1	dipshit
3302	1	chumps
3306	1	shuts
3307	1	boycotttigerwoods
3308	1	pseudoscience
3336	1	latinas
3310	1	aufstehn
3313	1	racecard
3317	1	stateampfederal
3319	1	cwt
3320	1	meditations
3321	1	canadianvalues
3322	1	adultedu
3325	1	epitomeofsorrow
3326	1	trampled
3329	1	simon
3330	1	moves
3334	1	pennyloafer
3311	1	himhe
3385	1	perspective
3387	1	freshmen
3388	1	grenades
3464	1	waronwomen
3469	1	fabricate
3470	1	inconsequen
3473	1	hidden
3474	1	cheaters
3475	1	honesty
3479	1	busily
3480	1	ushers
3481	1	celebrities
3486	1	spectrum
3489	1	rubio
3461	1	ironies
3490	1	commutations
3493	1	pamelaramseytaylorpraised
3494	1	sandyhook
3495	1	empowerment
3497	1	mocked
3498	1	hanukkah
3499	1	countdown
3501	1	smacks
3503	1	dylann
3504	1	uneducated
3505	1	defineepitome
3509	1	returnmyvinyl
3492	1	sdgs
3459	1	howell
3456	1	lovebeingalegend
3455	1	disneylooney
3389	1	mfer
3390	1	capabilities
3396	1	dumbest
3399	1	capetown
3400	1	flt
3401	1	qualify
3402	1	outdated
3403	1	faces
3405	1	dictionaries
3406	1	request
3409	1	pelosi
3411	1	costars
3412	1	kettled
3416	1	mccain
3422	1	spinning
3424	1	dncchair
3425	1	worked
3427	1	hadnt
3428	1	reemergence
3433	1	lesbian
3438	1	awarded
3439	1	juice
3445	1	dankmemes
3446	1	studied
3451	1	klux
2810	1	tiesto
2808	1	mafuckas
2806	1	intend
2803	1	taragon
2098	1	sexest
2102	1	location
2103	1	jacket
2105	1	greatest
2109	1	altrightcards
2110	1	papalbull
2117	1	catholicchurch
2121	1	hatefear
2126	1	fuuuuuuuuuuuuck
2129	1	resolutions
2133	1	wwii
2097	1	elitists
2136	1	intelligent
2139	1	outsider
2140	1	fooh
2142	1	hairly
2147	1	crackers
2148	1	moviefone
2154	1	fullretard
2157	1	prosecuted
2158	1	wotching
2159	1	pewpewlife
2162	1	cannabis
2165	1	freedownload
2137	1	paranormal
2167	1	firstnations
2087	1	communities
2083	1	impressions
2016	1	noise
2018	1	newzeeland
2020	1	cpcldr
2023	1	victimise
2024	1	perpetuates
2026	1	blacklistin
2027	1	disallowd
2035	1	cityjournal
2038	1	destigmatize
2040	1	network
2041	1	answered
2086	1	decolonization
2047	1	underfire
2050	1	kindly
2052	1	miloyiannopoulos
2057	1	devil
2061	1	dumbfuck
2063	1	screening
2065	1	ottawa
2067	1	aryanbrotherhood
2073	1	houston
2076	1	hotline
2079	1	fiends
2081	1	scalds
2048	1	goodes
2013	1	womenrelated
2170	1	arrestsmill
2175	1	jessica
2244	1	crybully
2246	1	animalrights
2247	1	slit
2248	1	unpatriotic
2249	1	naturism
2251	1	mgt
2252	1	slogan
2254	1	popefrancis
2255	1	misogynisttrump
2258	1	meanwhile
2259	1	loudly
2243	1	narcissistic
2261	1	hypocrites
2265	1	tossing
2269	1	chanapa
2273	1	appalling
2275	1	antimorality
2276	1	conormcgregor
2277	1	timenow
2282	1	brazilians
2287	1	fled
2300	1	insident
2302	1	nowe
2303	1	hiv
2264	1	private
2174	1	educating
2240	1	tits
2236	1	muzzies
2179	1	defense
2182	1	condescending
2183	1	cents
2184	1	compassion
2188	1	kerala
2189	1	collectively
2194	1	trade
2198	1	dugin
2201	1	accurately
2203	1	fightlikeagirl
2206	1	citys
2239	1	coz
2207	1	hyperviolent
2213	1	establishing
2215	1	steps
2219	1	nominate
2222	1	anslinger
2226	1	skynews
2227	1	entrenched
2229	1	draining
2232	1	dearfellowwhitepeople
2233	1	whiteland
2234	1	loserpizza
2235	1	lehman
2208	1	above
2011	1	girles
2008	1	sainsburys
2006	1	idiocy
1858	1	genderstereotypes
1859	1	wlk
1862	1	wildlife
1864	1	stolen
1867	1	bagdad
1868	1	guncontrol
1869	1	senad
1870	1	hitlerjugend
1871	1	corruptgop
1872	1	emperor
1873	1	politicalcorrectness
1855	1	wave
1880	1	tennessee
1883	1	extremely
1886	1	religionofpeace
1889	1	veteran
1890	1	cottoned
1891	1	burka
1892	1	represents
1894	1	koetankauk
1895	1	anacoes
1896	1	anarchism
1897	1	throat
1898	1	argentine
1881	1	trumpocalypse
1900	1	reappraise
1853	1	manchester
1850	1	copkiller
1807	1	roughly
1809	1	voteleave
1812	1	impoed
1814	1	essay
1817	1	sdoh
1820	1	defenders
1821	1	supermistict
1824	1	unforgettable
1826	1	pound
1827	1	wmuslim
1829	1	wwwsmallgirlsexcom
1851	1	progresverebel
1831	1	uskkk
1833	1	capitol
1834	1	centred
1835	1	absurd
1837	1	packed
1838	1	bigly
1842	1	spirituality
1843	1	charlespaladinos
1844	1	appendix
1845	1	streetfighter
1846	1	users
1849	1	acct
1832	1	darn
1903	1	magicrealism
1906	1	communitystandards
1907	1	kathy
1962	1	fascismo
1963	1	lifestyle
1966	1	caoonish
1967	1	felt
1970	1	chihuahuas
1972	1	oppressorsprivileged
1974	1	termed
1975	1	uspoli
1976	1	fugly
1978	1	transsexy
1979	1	ppls
1961	1	countered
1982	1	blackvotehispanicvote
1989	1	assured
1990	1	whitefeminism
1991	1	comrade
1993	1	uppity
1994	1	copped
1995	1	complementarianism
2000	1	worlddanger
2001	1	zeenews
2003	1	codified
2004	1	confessions
2005	1	neoliberalism
1988	1	leavers
1960	1	innovative
1958	1	bush
1957	1	spanking
1911	1	academia
1912	1	carefully
1913	1	labeling
1915	1	nomore
1920	1	deseret
1921	1	whene
1925	1	constantly
1926	1	zit
1929	1	season
1931	1	obsidian
1932	1	dividing
1935	1	deploying
1937	1	taxevader
1938	1	hasbeen
1939	1	nofascist
1940	1	cleansing
1941	1	exactly
1943	1	rhonda
1944	1	heabroken
1945	1	mattruff
1946	1	tws
1947	1	gates
1950	1	tacky
1953	1	declining
1954	1	bregret
2304	1	patriarchal
3744	1	validating
2306	1	willing
2309	1	objectification
2622	1	victimhood
2626	1	shitfest
2628	1	coffin
2633	1	fucku
2634	1	iamnotabe
2635	1	idiocracy
2637	1	bikinis
2641	1	berating
2642	1	pussygrabberinchief
2643	1	farmer
2644	1	compared
2621	1	cliches
2645	1	blackperson
2650	1	sara
2652	1	laborviolations
2653	1	racebaiter
2658	1	gfy
2659	1	plannedparenthood
2662	1	iraq
2663	1	betrayed
2664	1	passionate
2666	1	oppression
2669	1	touches
2671	1	wehate
2647	1	estate
2672	1	freethenipple
2620	1	doctrine
2614	1	prevalent
2567	1	corrupttrump
2568	1	researchers
2569	1	panties
2570	1	quotas
2571	1	voicing
2572	1	finest
2577	1	infection
2580	1	literally
2581	1	beensqueezing
2584	1	feelings
2587	1	unbornlivesmatter
2615	1	inaspanof
2588	1	burning
2597	1	pubfriction
2598	1	mongers
2599	1	manipur
2602	1	whiteisis
2603	1	payday
2605	1	crying
2606	1	tendencies
2607	1	anchor
2610	1	planet
2611	1	marine
2613	1	persons
2590	1	clothing
2563	1	distractions
2673	1	metaphor
2678	1	postholiday
2745	1	window
2747	1	libearian
2752	1	collection
2753	1	preying
2755	1	childrens
2757	1	kanyewest
2758	1	scapegoat
2766	1	reliability
2767	1	melania
2768	1	beverlywhalingreinstated
2771	1	healand
2743	1	sides
2776	1	raciolinguistics
2782	1	conservatives
2784	1	nationalanthem
2785	1	istanbul
2786	1	arkansas
2787	1	suspend
2789	1	twitterbot
2791	1	resultant
2792	1	appeared
2794	1	blazing
2795	1	whiterace
2799	1	hacking
2777	1	questioned
2675	1	trumpconaist
2740	1	narratives
2738	1	illegally
2683	1	gift
2686	1	ampthey
2687	1	shades
2688	1	alternet
2690	1	graffiti
2692	1	tattoo
2699	1	satire
2700	1	prorapist
2701	1	rector
2702	1	gazza
2704	1	thomas
2739	1	culpable
2705	1	seahawks
2709	1	blasting
2715	1	afl
2717	1	bastards
2722	1	nonprofitstatus
2724	1	justify
2726	1	proudtobeanamerican
2727	1	consideration
2732	1	void
2733	1	knicks
2734	1	teaches
2735	1	surrounded
2706	1	seeks
2562	1	obviously
2561	1	woodrowwilson
2560	1	cornered
2376	1	loudest
2378	1	camron
2381	1	diddo
2383	1	boycottaustralia
2385	1	cosmeticsbrand
2386	1	stupids
2387	1	equated
2388	1	observation
2389	1	exposing
2390	1	approval
2394	1	rupemurdochs
2375	1	kellyann
2395	1	discredit
2397	1	wig
2400	1	smackdown
2402	1	surgical
2406	1	blessedt
2408	1	astrology
2409	1	darkest
2413	1	selected
2414	1	inspirechange
2417	1	tried
2418	1	islamophobic
2420	1	genuinely
2396	1	refers
2421	1	greek
2368	1	catdjt
2359	1	mob
2310	1	resilience
2316	1	colorblind
2318	1	knocks
2319	1	indecent
2320	1	adamitv
2321	1	bethlehem
2325	1	survivor
2326	1	gotta
2327	1	soundbite
2328	1	indisputably
2329	1	jabs
2366	1	cooper
2333	1	uttered
2337	1	nites
2338	1	bradshaw
2341	1	wellduh
2342	1	locks
2343	1	hepburn
2346	1	lostpopularvote
2347	1	solidarity
2348	1	womensissues
2351	1	bwahahahahaha
2355	1	rockineve
2357	1	unacceptable
2336	1	mutual
2424	1	cspan
2425	1	pissedoffitalian
2431	1	saddles
2493	1	empowering
2497	1	violently
2500	1	wakes
2503	1	antiwhites
2507	1	bruh
2511	1	jolly
2516	1	huffington
2519	1	straight
2520	1	invisible
2524	1	policecivilian
2533	1	messengerjust
2492	1	assaults
2534	1	colourism
2540	1	british
2543	1	vanilla
2544	1	supremely
2545	1	identity
2546	1	highereducation
2548	1	riders
2549	1	defile
2551	1	understanding
2555	1	pauline
2557	1	principal
2559	1	caucasians
2539	1	confined
2489	1	chokes
2487	1	tyrant
2478	1	latent
2432	1	biggotry
2435	1	autocorrects
2436	1	arabian
2437	1	inveed
2438	1	affair
2440	1	absence
2443	1	notfit
2444	1	defended
2445	1	chinguas
2446	1	datesletstalkabout
2447	1	putinism
2448	1	embraceyourself
2449	1	imitations
2450	1	atwater
2456	1	truism
2457	1	limiting
2458	1	mediamy
2459	1	eyetalian
2460	1	badges
2466	1	struggles
2468	1	letting
2469	1	eevalancaster
2470	1	crapsac
2473	1	contender
2477	1	andrewanglin
2308	1	berniebros
3745	1	sweetie
3747	1	roads
3748	1	cakes
5000	1	noborders
5002	1	donaldduck
5003	1	koolaid
5006	1	wingers
5008	1	slug
5010	1	poster
5011	1	effects
5013	1	bookreview
5018	1	whiteamerica
5023	1	anothr
5025	1	galery
4997	1	destroying
5026	1	propose
5034	1	laughs
5038	1	fibromyalgia
5040	1	itmaybe
5043	1	toured
5046	1	wohless
5047	1	nelsonmandela
5050	1	sketches
5051	1	moving
5052	1	belief
5054	1	cognizant
5060	1	loveknow
5030	1	foreign
5062	1	samaria
4993	1	nokkk
4983	1	nomandate
4938	1	childlabor
4940	1	zilles
4941	1	lots
4945	1	achilles
4946	1	actors
4951	1	defined
4952	1	hardcoresex
4953	1	clio
4956	1	islamichomophobicrapistwho
4957	1	precision
4958	1	topoli
4991	1	ruin
4960	1	genderequity
4964	1	cringe
4965	1	adveisments
4968	1	pupil
4969	1	republicwhitepower
4971	1	yelling
4973	1	antijewish
4975	1	leather
4977	1	presenter
4978	1	slash
4980	1	lmao
4982	1	woobietuesday
4962	1	trompas
4937	1	defeated
5065	1	wade
5067	1	solved
5120	1	couesy
5122	1	prejudiced
5125	1	excuses
5130	1	falsely
5131	1	bestoftheweek
5134	1	marrying
5136	1	reproductiverights
5140	1	ssnaddresshome
5141	1	dinosaurs
5142	1	striker
5143	1	vestal
5119	1	govegan
5144	1	reagans
5146	1	sunbury
5148	1	retail
5152	1	ndtv
5153	1	asslicker
5154	1	farah
5158	1	oldwoman
5160	1	
5164	1	brainsjust
5169	1	jealousy
5170	1	vogue
5174	1	propey
5145	1	soul
5066	1	thepoliticalmillennial
5118	1	muslimpos
5116	1	applicable
5073	1	happykwanzaa
5074	1	everythingisracist
5075	1	canadians
5076	1	crcker
5077	1	victoria
5078	1	critiquing
5080	1	wailed
5081	1	samehypocrite
5082	1	spam
5083	1	offences
5085	1	drivers
5117	1	enabled
5087	1	wahhhh
5091	1	drinkdark
5094	1	indeed
5095	1	combover
5099	1	eyesvote
5100	1	angryignorantand
5101	1	sucked
5104	1	commentsyou
5107	1	apostolis
5108	1	swinging
5110	1	pushing
5111	1	nuclear
5088	1	harmful
4934	1	asylumseekers
4933	1	phenomenon
4930	1	uniting
4750	1	spain
4753	1	ongoing
4754	1	pizzagate
4755	1	fishburn
4756	1	surrogate
4759	1	annoying
4762	1	levin
4764	1	flippant
4765	1	pressure
4767	1	trending
4771	1	cunt
4749	1	proudly
4775	1	scientists
4780	1	situation
4782	1	boos
4784	1	whitesboro
4788	1	gutter
4790	1	bleating
4792	1	hopefully
4795	1	combined
4796	1	breakfast
4798	1	fatherhood
4801	1	originated
4812	1	tbt
4776	1	conference
4813	1	algona
4746	1	pictures
4744	1	opkillingbayseashepherd
4703	1	sexting
4704	1	wilsons
4705	1	jarodtaylor
4708	1	basis
4709	1	selfloathing
4710	1	ladies
4714	1	tears
4715	1	racialequity
4716	1	cutsie
4717	1	johnrkhoward
4718	1	whatsoever
4745	1	firstfamily
4720	1	fuckdonaldtrump
4722	1	womenissues 
4723	1	hube
4728	1	tips
4730	1	harassers
4731	1	sjwlogic
4732	1	glitter
4735	1	meltingpot
4739	1	wages
4741	1	multiracial
4742	1	passing
4743	1	manager
4721	1	grabbing
4814	1	inbred
4819	1	brownshi
4820	1	fighters
4888	1	needknow
4890	1	shagged
4891	1	furore
4892	1	plantation
4894	1	images
4896	1	subhuman
4900	1	trumpuniversity
4901	1	justified
4903	1	heabreaking
4905	1	attorneys
4906	1	mud
4886	1	interfering
4907	1	homoresistant
4909	1	abpoli
4910	1	moronsmatter
4911	1	sticker
4913	1	sewage
4914	1	playground
4916	1	existing
4921	1	empress
4924	1	feds
4925	1	drill
4928	1	votersuppression
4929	1	neocolonialism
4908	1	keyboard
4885	1	basically
4883	1	swampmonster
4882	1	hmmmsounds
4821	1	humiliating
4822	1	demoralizing
4823	1	elxn
4824	1	sulfur
4825	1	penis
4826	1	occupation
4833	1	hugh
4834	1	polygeny
4837	1	funeral
4844	1	mentioning
4846	1	sexualharassment
4847	1	tired
4849	1	plate
4850	1	sexpredator
4853	1	classifieds
4857	1	competitiveness
4859	1	london
4865	1	knitting
4868	1	niga
4875	1	michaelacoel
4876	1	xenopbobia
4878	1	recently
4879	1	footballbut
4880	1	horizonalways
4881	1	metrics
5179	1	leftistlunatics
4702	1	clickbait
5180	1	netanyahuspeech
5183	1	familiesfamilycircus
5488	1	dancers
5492	1	lovecraft
5498	1	readingbuying
5499	1	queen
5500	1	cabinet
5501	1	buttoning
5502	1	codeword
5506	1	fights
5507	1	infamous
5509	1	cora
5512	1	fearmongering
5487	1	economy
5518	1	beforesex
5521	1	villy
5523	1	sided
5526	1	yearolds
5527	1	carolina
5530	1	megaupload
5532	1	itz
5538	1	communitythey
5539	1	shadowed
5541	1	fakequity
5542	1	administration
5543	1	unsatisfied
5520	1	eahs
5544	1	sweety
5484	1	supremecou
5480	1	displaced
5424	1	underlying
5428	1	aleppo
5429	1	dutch
5431	1	slutty
5433	1	endhate
5437	1	xenophobe
5440	1	pedophiles
5441	1	zimbabwe
5442	1	shockfactor
5443	1	whining
5444	1	breathes
5483	1	mtvwhiteguys
5446	1	minds
5451	1	nohope
5456	1	richie
5457	1	definitive
5460	1	mercy
5461	1	associated
5465	1	joemixon
5466	1	dept
5468	1	noting
5470	1	tyruswong
5478	1	getreal
5479	1	spreadlovethischristmas
5448	1	aussie
5420	1	drown
5545	1	islamofascist
5548	1	smiling
5615	1	survey
5618	1	noafd
5619	1	priviledge
5626	1	ifyourenotwhiteyourenotracist
5629	1	citizenry
5630	1	afamhist
5632	1	draftdodger
5639	1	responds
5640	1	fragile
5642	1	chaer
5645	1	santaproject
5613	1	beast
5646	1	killed
5648	1	staging
5649	1	maneuver
5650	1	leejasper
5652	1	peotus
5653	1	comedians
5655	1	attempted
5657	1	coopting
5658	1	vetting
5660	1	sexualbullying
5661	1	omarosas
5662	1	stammendment
5647	1	aberrant
5547	1	bustymilf
5608	1	apologies
5604	1	symbols
5549	1	machine
5550	1	convo
5551	1	racismfacinghis
5552	1	trolls
5554	1	sabotage
5556	1	predictions
5557	1	miller
5562	1	panthers
5563	1	antisemetic
5568	1	misrepresentation
5572	1	socialclass
5606	1	transition
5574	1	mike
5576	1	freeways
5577	1	robinson
5582	1	everyones
5583	1	detention
5585	1	wrongful
5586	1	sympathized
5588	1	increased
5589	1	haim
5591	1	exhausted
5593	1	pulled
5596	1	unabated
5575	1	chomsky
5419	1	tainting
5418	1	handwritten
5417	1	naacp
5245	1	terming
5246	1	gentlemen
5248	1	manmade
5250	1	prohibition
5251	1	smug
5253	1	favorite
5258	1	plight
5260	1	justjustice
5262	1	deafed
5263	1	overexcited
5264	1	incineration
5242	1	courage
5269	1	legitimizing
5272	1	catcalled
5278	1	festive
5279	1	heeded
5280	1	micheleobama
5283	1	beaten
5289	1	satanists
5290	1	offensivememes
5291	1	hags
5292	1	passengers
5293	1	smells
5295	1	fliers
5271	1	internationallaw
5300	1	inherent
5240	1	veto
5235	1	continues
5186	1	womandegrading
5187	1	gaza
5189	1	construction
5190	1	irritations
5191	1	wilmington
5192	1	closeted
5193	1	athletes
5198	1	missed
5199	1	saved
5201	1	trumpdarkzone
5202	1	harmless
5238	1	huge
5204	1	standwithisrael
5208	1	environmentalist
5209	1	jewworldorder
5211	1	creepy
5212	1	cathedral
5216	1	replacyclay
5217	1	peek
5225	1	terrible
5226	1	tedinstitute
5231	1	fatty
5233	1	waged
5234	1	hyena
5205	1	sovereignty
5301	1	grassrootsaction
5303	1	monetary
5306	1	circle
5368	1	lockerroomtalk
5369	1	insensitive
5370	1	demeaning
5371	1	tenacity
5375	1	joined
5379	1	repoingsystem
5381	1	tattler
5382	1	feigned
5385	1	talented
5392	1	bullies
5394	1	jacobmarley
5367	1	kissmyarse
5395	1	advocates
5397	1	tuned
5401	1	films
5402	1	alcoholic
5403	1	aptly
5404	1	genealogy
5408	1	nofear
5409	1	unitedstateschampion
5411	1	ethnically
5413	1	stages
5414	1	egregious
5415	1	harlem
5396	1	alone
5365	1	grandsons
5364	1	murderer
5360	1	tiffany
5308	1	diisgusted
5312	1	retweeted
5313	1	creating
5316	1	uglylady
5317	1	vomit
5319	1	burma
5321	1	nafris
5322	1	crazybengiefbps
5326	1	sitting
5329	1	distinguished
5330	1	kneejerk
5331	1	fluently
5332	1	smooth
5333	1	littleenglander
5335	1	purposedly
5338	1	norrisgreen
5339	1	afternoon
5340	1	murders
5342	1	appearance
5345	1	disenfranchised
5346	1	whatinlieuof
5351	1	lackey
5353	1	forher
5354	1	bdsm
5358	1	indoctrinating
5182	1	movies
1801	1	argues
4701	1	ultranationalism
4698	1	encounters
4032	1	comprehend
4037	1	whitesupremacists
4038	1	jokeoftheday
4042	1	zurich
4044	1	theresamay
4052	1	qatar
4053	1	trht
4054	1	bitchesbelike
4056	1	housewife
4060	1	tornado
4061	1	prompts
4031	1	stuffed
4071	1	churchs
4074	1	nigelfarage
4076	1	comparisons
4077	1	economicsanctions
4081	1	monsters
4082	1	vocabulary
4085	1	boycottjcpenney
4086	1	genes
4087	1	distos
4088	1	errand
4089	1	proves
4091	1	systems
4073	1	citizenaction
4093	1	shitshow
4027	1	infants
4023	1	liberalisme
3978	1	energy
3983	1	twisted
3984	1	migitorio
3986	1	aloha
3987	1	pakis
3988	1	lmfao
3989	1	repulsive
3991	1	nationdivider
3992	1	describe
3993	1	breaks
3994	1	repetitive
4024	1	swear
3995	1	deeper
3998	1	meaningless
4000	1	rhashtags
4002	1	showed
4003	1	walked
4004	1	nudist
4005	1	liked
4012	1	winter
4016	1	irrefutable
4017	1	herschlags
4018	1	nikita
4021	1	consultant
3996	1	crashes
3974	1	whether
4094	1	fakenewsmedia
4100	1	donaldtrumps
4151	1	witness
4156	1	genocidedefender
4157	1	obamalegacy
4158	1	dumbass
4165	1	remote
4167	1	oughta
4171	1	ratings
4172	1	nofur
4174	1	conversations
4176	1	verbally
4177	1	australians
4150	1	subversive
4181	1	buggeroffboris
4188	1	milk
4194	1	colonisation
4196	1	zionists
4203	1	unwell
4208	1	cuckold
4209	1	unchained
4210	1	appropriating
4212	1	donations
4216	1	attire
4217	1	mogage
4219	1	wew
4186	1	filthy
4097	1	calmly
4148	1	facemask
4144	1	wondered
4103	1	oppressed
4105	1	worried
4107	1	moveable
4108	1	cnv
4111	1	averse
4114	1	intercourse
4115	1	warns
4116	1	tinyhands
4119	1	keithx
4120	1	brilliant
4125	1	skywilliams
4145	1	wearing
4126	1	lgbtfamilybut
4129	1	willoughbys
4130	1	allof
4133	1	skank
4134	1	sizescuts
4135	1	stpp
4136	1	historically
4138	1	models
4140	1	coalitionist
4141	1	outraged
4142	1	bookpublishing
4143	1	celebritydeath
4128	1	easier
3972	1	mispronouncing
3970	1	rainbow
3969	1	nano
3813	1	bandying
3814	1	mofo
3819	1	sleep
3821	1	interacts
3824	1	flattering
3825	1	apologists
3827	1	expecttrumps
3832	1	starbucks
3833	1	whiteprivelage
3834	1	deltaairlines
3835	1	germans
3808	1	bailreform
3836	1	viewed
3842	1	incite
3843	1	serving
3844	1	influence
3848	1	founder
3849	1	mizzou
3850	1	germanys
3855	1	journos
3857	1	carlpalladino
3859	1	moredun
3861	1	required
3863	1	whiteman
3837	1	herb
3865	1	unitednations
3806	1	perfumer
3804	1	metoo
3750	1	notmypresidnet
3751	1	dumbism
3756	1	oveurning
3757	1	childrape
3758	1	sunday
3759	1	smileyong
3760	1	thdocumentary
3763	1	loses
3764	1	basketball
3765	1	deceit
3766	1	enteainment
3805	1	cramped
3770	1	innate
3775	1	demonstrated
3780	1	obamacare
3784	1	thurs
3786	1	discourse
3788	1	refresher
3790	1	nerd
3794	1	fantastic
3795	1	proimmigrant
3796	1	reflects
3798	1	bloggersblast
3803	1	resolve
3773	1	ideas
3866	1	bragged
3867	1	microsoft
3868	1	useless
3915	1	obstacles
3916	1	feared
3918	1	instagrams
3922	1	hillbilly
3923	1	someones
3924	1	jumpedtheshark
3925	1	notmyprez
3936	1	caoons
3937	1	substantive
3943	1	amateur
3946	1	dependent
3913	1	potential
3947	1	pivo
3949	1	remainers
3950	1	areclueless
3951	1	showmeyoureawoman
3952	1	fuel
3953	1	dignity
3954	1	bihcontrol
3956	1	southsudankot
3957	1	iefascistdemocracy
3958	1	havent
3966	1	pennsylvania
3968	1	leaves
3948	1	kkkblm
3912	1	socialized
3911	1	shouldnt
3910	1	demonize
3869	1	vedic
3870	1	probation
3871	1	digged
3872	1	sins
3873	1	gwot
3877	1	illegalsettlements
3878	1	passes
3879	1	tasar
3881	1	mediamisogyny
3883	1	closely
3884	1	sales
3887	1	putinplant
3889	1	birmingham
3890	1	summer
3892	1	frustrated
3895	1	seeing
3897	1	faiths
3899	1	nominee
3901	1	crackalogic
3902	1	oprah
3903	1	bureau
3905	1	crew
3906	1	karl
3907	1	ageoftrump
3908	1	alapoet
4222	1	distinct
4699	1	hostility
4223	1	inevitable
4226	1	vengeance
4505	1	laser
4506	1	thighhigh
4507	1	snatch
4510	1	creature
4517	1	lithuania
4520	1	manifestdestiny
4522	1	humorous
4523	1	nuff
4528	1	armenian
4529	1	confused
4531	1	jerodtwin
4503	1	happier
4532	1	smaller
4538	1	primed
4539	1	gracemugabe
4541	1	online
4543	1	goodonedean
4545	1	stocking
4548	1	cockwomble
4551	1	buttholemouth
4552	1	racetraitors
4553	1	keys
4554	1	living
4559	1	sheep
4533	1	dividerofanation
4562	1	straya
4502	1	spanish
4497	1	jissus
4449	1	profiled
4452	1	abetting
4453	1	letter
4454	1	rima
4456	1	enabler
4459	1	epic
4461	1	kingconrad
4464	1	grave
4465	1	flushed
4470	1	hawaii
4471	1	terraced
4499	1	nobdy
4472	1	worksheet
4476	1	thatzille
4477	1	opposite
4481	1	detre
4482	1	asap
4483	1	masjids
4487	1	idolized
4489	1	domestics
4490	1	swap
4491	1	lobotomy
4495	1	deleted
4496	1	madness
4475	1	intrumpsamerica
4448	1	louisville
4563	1	judea
4571	1	inworlds
4647	1	colored
4648	1	prosecutorialmisconduct
4652	1	curriculum
4654	1	holier
4655	1	exposeracism
4662	1	isolationist
4665	1	differently
4666	1	advancement
4667	1	peacein
4668	1	denzelwashington
4669	1	stupidto
4646	1	keithellisons
4673	1	liberallogic
4675	1	lbgt
4676	1	whopped
4678	1	prick
4679	1	simply
4682	1	internet
4684	1	crazed
4685	1	endlessly
4690	1	repping
4691	1	melo
4694	1	hilarious
4695	1	chronic
4674	1	ridiculously
4567	1	goon
4644	1	tinyfingeredpuppet
4641	1	negative
4575	1	steubenville
4580	1	princess
4581	1	vital
4583	1	inferioritycomplex
4584	1	sdob
4585	1	reactionary
4588	1	reconsider
4590	1	raceplay
4592	1	afghanistan
4596	1	miriam
4600	1	svpol
4643	1	buzzfeeds
4602	1	silveragatka
4606	1	shocker
4611	1	beingassuming
4613	1	properly
4614	1	charges
4616	1	blowjob
4622	1	architecture
4624	1	laurenduca
4626	1	becomes
4634	1	asks
4635	1	pavillions
4636	1	communismislam
4605	1	hiding
4446	1	whiteskinned
4445	1	entreteiment
4439	1	runs
4281	1	stockpiles
4282	1	 makes
4283	1	corps
4285	1	countryis
4289	1	pittsburgh
4290	1	moments
4292	1	murdered
4293	1	bn
4296	1	manhattan
4297	1	mosque
4299	1	truthfully
4280	1	myoneresolution
4300	1	opponent
4302	1	uncov
4304	1	darkness
4305	1	regnant
4306	1	geared
4308	1	blueeyesbrowneyes
4310	1	noyulin
4315	1	pussies
4319	1	marxism
4323	1	messiah
4325	1	manypols
4329	1	yoyas
4301	1	whiners
4330	1	jeremyjoseph
4278	1	lawrence
4276	1	audism
4227	1	cjreform
4228	1	tribalism
4229	1	slapcam
4230	1	helpless
4231	1	noone
4232	1	scatter
4234	1	butthucreepers
4238	1	russiagate
4240	1	netanyahou
4244	1	debacle
4247	1	kaaba
4277	1	expes
4248	1	harsh
4255	1	scale
4257	1	banksjimmy
4258	1	ignorancehate
4259	1	yiannopoulosis
4264	1	stripe
4265	1	chepstow
4268	1	sciencefiction
4269	1	agitator
4270	1	quoted
4271	1	decriminaliz
4272	1	merkel
4249	1	warmonger
4331	1	goppropaganda
4333	1	authorities
4334	1	epidemic
4389	1	catch
4390	1	hypocritical
4394	1	humphrey
4398	1	lgbtq
4399	1	blackman
4401	1	arnt
4403	1	mcdaniel
4404	1	unicef
4409	1	eurosceptic
4411	1	lolol
4412	1	merocrush
4388	1	survived
4413	1	kickrocks
4416	1	myanmars
4419	1	marvel
4420	1	stopthewars
4422	1	heaven
4425	1	moviemad
4426	1	topless
4428	1	associates
4429	1	damage
4431	1	latinos
4434	1	substantially
4435	1	disparo
4414	1	lazio
4387	1	domesticviolence
4386	1	pandy
4385	1	dvbmultimediagroup
4335	1	peruvian
4336	1	ranting
4337	1	challenging
4338	1	maps
4340	1	yousuck
4343	1	milwaukee
4344	1	disingenuous
4347	1	shitler
4349	1	lynching
4351	1	fetishes
4354	1	psychopath
4359	1	fallacy
4361	1	asean
4363	1	freaking
4365	1	judd
4366	1	socialists
4367	1	graduated
4369	1	feliz
4372	1	allowing
4374	1	snostalgia
4375	1	truthand
4376	1	prayer
4378	1	disgusted
4380	1	afrofuturism
4384	1	complaint
4224	1	sophisticated
1800	1	americadoesntwantyou
2834	1	keepyoureyesontheprizemlk
5669	1	smaimmigration
681	1	bedifferent
685	1	iniwantto
686	1	eugenie
687	1	nbavote
1426	1	thirdworldcanada
1425	1	simpleton
1424	1	provincial
1422	1	update
692	1	megyn
1420	1	bondage
1419	1	electrical
1418	1	reputation
693	1	known
1417	1	demagoguery
680	1	notallmen
694	1	tape
696	1	revealed
699	1	baby
1413	1	representations
704	1	terrorattack
707	1	womensordination
1411	1	kicked
1410	1	pattismith
708	1	rockette
711	1	losing
713	1	transphobia
715	1	pissing
716	1	icons
720	1	aswell
1403	1	uncivilised
1414	1	krakow
722	1	pornisforlosers
1429	1	forecasted
1431	1	blogging
1456	1	wouldve
1455	1	piggy
637	1	skinheads
1452	1	volunteer
1451	1	immanuel
641	1	hollaback
643	1	workshop
644	1	instilling
645	1	literacy
647	1	jumpsuit
1448	1	stoned
1447	1	amounts
650	1	nosurprise
1445	1	thcentury
679	1	starwarsrogueone 
652	1	aquifer
660	1	abd
661	1	hooked
664	1	ultraohodox
665	1	footage
667	1	rushlimbaugh
668	1	prowar
1438	1	instrumental
1437	1	batshit
674	1	medicine
1436	1	profiting
1435	1	reich
676	1	exemplifies
1433	1	yields
1432	1	launching
654	1	corporatebs
635	1	dangerwith
1402	1	perks
1401	1	denied
1378	1	likes
764	1	somehow
1376	1	kicking
1375	1	restaurant
1374	1	gladshesgone
765	1	intrusively
1373	1	strategy
767	1	claiming
769	1	provoking
770	1	featuring
1371	1	simplistic
1370	1	attempting
772	1	genderinequality
777	1	deviant
1380	1	protection
1368	1	tomlin
782	1	whitefragility
783	1	essential
784	1	digits
786	1	minutes
787	1	nevermypresident
1363	1	candidates
790	1	iqgt
793	1	domnica
794	1	lazy
1362	1	nobelprize
796	1	changes
802	1	misogony
803	1	laughable
1359	1	conjob
779	1	organiser
726	1	irony
762	1	boycotting
758	1	loyal
728	1	unfittobeinpublicoffice
729	1	livesbut
1400	1	resigns
1399	1	abeed
1398	1	volatile
732	1	inexistence
1396	1	trendy
734	1	policeman
739	1	master
740	1	fotiadis
741	1	democrate
1395	1	shrouded
1394	1	presses
742	1	tellall
760	1	uber
1392	1	bcot
1391	1	arebut
1390	1	burninhell
1389	1	notmypresidenttheresista
744	1	luicalibres
747	1	touring
748	1	publicity
1387	1	magax
751	1	semiretarded
752	1	congressman
753	1	acknowledge
754	1	threatened
756	1	upsetting
1383	1	atsi
1382	1	juniors
743	1	rarethous
805	1	snowpeople
633	1	jetlagged
1459	1	ignorantly
502	1	unloads
505	1	deserve
508	1	welleducated
512	1	trumpleaks
515	1	jonjo
1521	1	tremendous
1520	1	schuster
1519	1	conflict
518	1	wakemeupwhen
1517	1	frances
1516	1	trumphate
526	1	stirs
528	1	allblack
529	1	urging
499	1	jlaw
531	1	previous
534	1	thekingsspeech
536	1	overrode
1510	1	suing
1509	1	jgirl
539	1	childabuse
1507	1	betrays
540	1	vehicle
542	1	humping
1502	1	nutshell
546	1	satisfy
548	1	uschampion
1499	1	deafinprison
1498	1	massincarceration
551	1	shoppers
533	1	muslimbrotherhood
554	1	jeans
498	1	moonman
1529	1	raison
453	1	islamaphobic
1551	1	billing
454	1	behind
459	1	regime
1548	1	polygamist
461	1	trumpas
1546	1	repulsion
464	1	homophobiaenablin
467	1	bald
468	1	heights
471	1	qualified
1545	1	contradictions
473	1	oab
474	1	storyville
496	1	supposed
476	1	ukraines
479	1	willsmith
1542	1	affectionately
482	1	nowhere
483	1	sympathisers
1540	1	nzpol
1539	1	womensmarch
1538	1	stable
1536	1	itstheendoftheworldand
1533	1	extraordinaire
486	1	beautiful
488	1	dismantling
490	1	racewarchess
493	1	nostrache
1530	1	adhan
477	1	thrive
1458	1	signofthetimes
555	1	snapchat
1495	1	aftr
599	1	career
602	1	largelyunrepentant
604	1	claycountydevelopmentcorp
1478	1	eggs
605	1	crookedtrump
608	1	procreate
610	1	himselffor
612	1	ddnt
614	1	worldcampaign
616	1	andysessions
617	1	sliding
1475	1	womensrights
1474	1	quickly
619	1	capone
598	1	murrayhaters
621	1	realhousewives
622	1	islamicterrorist
1470	1	ticking
1469	1	grabyourwallet
624	1	catalunya
1466	1	vulgar
1465	1	liars
625	1	actively
626	1	heroines
628	1	fn
629	1	temptation
630	1	unintentionally
1462	1	douchelord
1461	1	employed
631	1	cmon
1473	1	jehovas
556	1	duty
1480	1	enjoyable
595	1	killallwhitemen
559	1	eternity
561	1	segregate
1493	1	pasture
562	1	alleges
1491	1	parliament
563	1	commenting
564	1	donuldtrump
1489	1	obamanation
567	1	problemofwhiteness
569	1	assailed
572	1	alexpascal
573	1	provide
574	1	hammock
575	1	homegrown
596	1	correlation
1488	1	ltlt
1487	1	federline
579	1	wheres
580	1	performing
1486	1	classifying
581	1	bolt
582	1	aryans
585	1	condition
586	1	pridemake
587	1	wmn
589	1	highest
591	1	messages
1158	1	graceless
1481	1	nojustice
594	1	marchampit
578	1	headlock
450	1	strangely
1357	1	intentions
806	1	deny
1233	1	stas
1026	1	caroline
1231	1	decision
1027	1	echoes
1028	1	referring
1029	1	whate
1030	1	followme
1031	1	celebrating
1032	1	presidenttrump
1034	1	horrific
1228	1	sistersofcolour
1039	1	beach
1040	1	interference
1225	1	nowi
1021	1	pamgelleheracist
1223	1	baptized
1222	1	greetings
1221	1	remake
1051	1	trumpracist
1220	1	euroconservatism
1218	1	takin
1052	1	hitting
1217	1	postion
1216	1	surly
1058	1	invented
1215	1	motherhoodunscripted
1214	1	blackmen
1059	1	laughing
1213	1	moneyovermorals
1064	1	classifies
1045	1	naboomspruit
1065	1	jewishsupremacist
1017	1	rightist
1015	1	permit
982	1	nooltham
1260	1	purge
983	1	exceptional
984	1	generations
985	1	crony
1255	1	bible
986	1	trentmays
1253	1	canadas
988	1	battle
990	1	leading
991	1	disciples
992	1	misandry
993	1	superior
994	1	emails
1016	1	marriage
1249	1	issued
1247	1	presiding
998	1	assets
1244	1	onto
1000	1	craving
1001	1	chauvinist
1003	1	depoation
1243	1	healthmen
1242	1	hilton
1004	1	indirect
1006	1	macys
1010	1	nackt
1012	1	punks
1013	1	juvenilejustice
1014	1	carlpaladinos
995	1	stunning
981	1	affiliated
1208	1	deafening
1069	1	nonjews
1117	1	innercity
1119	1	reflected
1173	1	wordsalad
1120	1	scurvy
1121	1	populationcontrol
1172	1	process
1171	1	thoughj
1127	1	causing
1131	1	occupiers
1132	1	onlywhitechristmas
1133	1	promotions
1134	1	fathersday
1135	1	breitba
1136	1	rejects
1116	1	skinny
1137	1	firstworldproblems
1138	1	intermittently
1141	1	oprollredroll
1142	1	allbc
1143	1	cambersands
1144	1	specifically
1146	1	decree
1148	1	russianhack
1149	1	whoa
1161	1	spokesperson
1160	1	accepting
1152	1	damning
1153	1	presidentobama
1159	1	samachar
1156	1	voices
1166	1	procrastinate
1207	1	sucklahoma
1177	1	utah
1179	1	russias
1205	1	mama
1072	1	thatblacklivesmatter
1073	1	appropriate
1077	1	sweetpotato
1080	1	norman
1081	1	greater
1199	1	omfg
1084	1	scifi
1087	1	boycotts
1089	1	indoctrination
1090	1	desirehatred
1195	1	prioritized
1193	1	mailboxpride
1091	1	christmassy
1114	1	mystery
1191	1	sewer
1188	1	carlpalidino
1093	1	strident
1095	1	whitesheet
1096	1	thesexismproject
1100	1	rohingyas
1102	1	dollars
1186	1	begun
1107	1	constrained
1184	1	rethinkdiscipline
1183	1	baycat
1108	1	bustyescos
1110	1	named
1181	1	applies
1180	1	wnt
1189	1	notrump
1356	1	remains
979	1	malign
976	1	nohate
853	1	dordarshan
854	1	carolsbycandlelight
857	1	chrismukkah
1328	1	canpoli
1327	1	navy
859	1	data
862	1	dwyane
864	1	trafficking
865	1	racistdeathwish
867	1	cantankerous
1325	1	sold
868	1	intelligence
870	1	freedomofspeech
877	1	washout
1331	1	token
1322	1	link
1321	1	bankruptcy
879	1	twonitwittrumpsuppoers
881	1	easteuropeans
1318	1	mfs
882	1	imwithher
1317	1	barry
1315	1	edgy
885	1	guaranteed
886	1	accent
889	1	anxiety
890	1	malcolm
891	1	bake
892	1	whiteperson
893	1	edchat
878	1	gtgt
1312	1	justsaying
851	1	doubletree
848	1	investigate
807	1	boarding
810	1	countys
1354	1	karachi
1353	1	prospect
811	1	socialmooc
812	1	orgasmic
814	1	islamicradicals
817	1	evasion
819	1	talkradio
820	1	warriors
821	1	walks
823	1	amazed
824	1	komo
1348	1	teamcancer
1335	1	jewishjoke
826	1	cooke
829	1	treated
1345	1	avenue
1344	1	lifeguards
835	1	yyc
837	1	encouraging
839	1	coulda
1341	1	gollybar
845	1	driving
1340	1	healthy
1339	1	ovr
846	1	pasty
847	1	fowoh
1338	1	municipalities
1337	1	mcmillanjames
1347	1	consent
1264	1	neoconfederate
898	1	altogether
902	1	brands
1279	1	kajal
940	1	ouuh
941	1	servants
942	1	hardly
944	1	homosexuality
945	1	pastors
948	1	rottweilers
949	1	sblaar
950	1	whod
1274	1	inadequate
955	1	mrminority
1273	1	responsibilities
956	1	nyc 
958	1	avoice
936	1	finland
959	1	nuanced
1271	1	dzange
964	1	cctv
966	1	teamd
967	1	uks
968	1	confederateflag
969	1	foretold
1268	1	diaz
970	1	censored
1266	1	fare
971	1	consumers
972	1	biases
973	1	lulic
1265	1	elects
974	1	infantile
961	1	goyim
899	1	universityofwisconsinmadison
933	1	guessing
931	1	accused
903	1	behaviour
905	1	raising
907	1	hangs
1307	1	narcissism
1306	1	larger
1305	1	buried
911	1	stronger
1303	1	classes
915	1	worldview
917	1	condoning
1300	1	sooooo
1299	1	qb
918	1	dicks
1298	1	rabid
932	1	ellicottsquarebuilding
1297	1	leaveeu
921	1	thefutureisfemale
922	1	broader
1292	1	jibes
1290	1	volodymyrviatrovych
923	1	sociopathic
1288	1	smth
1287	1	reconciliation
1286	1	kindleunlimited
924	1	smoke
1285	1	entitled
925	1	deathpenalty
1283	1	 womenonly
929	1	ceased
930	1	unprecedented
1296	1	fixed
1554	1	secretly
592	1	humanrightswatch
1157	1	forcing
1636	1	pipe
1732	1	florida
1733	1	culturesways
115	1	presidentpussygrabber
1635	1	launched
1634	1	realise
304	1	wakeupamericaca
114	1	yesu
1632	1	historicalamnesia
1734	1	frnds
111	1	weakening
110	1	directly
306	1	soreloser
1631	1	melanin
1630	1	idiotic
1736	1	crosses
307	1	opendemocracy
94	1	littlemix
91	1	expressed
1731	1	september
90	1	listened
302	1	wishlist
301	1	diagram
286	1	scotus
288	1	faisal
135	1	distant
290	1	thanksjackasses
292	1	hoodiesup
132	1	isisnt
1642	1	painting
296	1	slip
1723	1	karma
1641	1	forbidden
1640	1	credibility
1725	1	sentiments
127	1	prevented
124	1	emmastone
299	1	dull
1638	1	myth
1637	1	doctor
121	1	oscar
120	1	existed
119	1	scene
139	1	malayalees
1628	1	fck
309	1	opening
73	1	semantics
330	1	capitalist
333	1	guzzling
1614	1	empowerd
338	1	returningcitizens
339	1	fabulous
69	1	marco
345	1	stellar
346	1	rightie
1755	1	carriefisher
1756	1	childrenofcolor
1611	1	mentalhealth
1610	1	inhumane
64	1	electoralcollege
354	1	askingoh
355	1	kickitout
359	1	aleksandr
360	1	expressions
62	1	venezuela
1751	1	sharing
1627	1	muir
1750	1	reefers
329	1	disdain
1741	1	curse
1626	1	accountable
87	1	shocked
314	1	slaveowner
315	1	mating
1625	1	intervene
1623	1	whiteknight
318	1	aungsansuukyi
85	1	designed
81	1	attendants
319	1	fightback
1621	1	wanother
80	1	uae
322	1	odds
324	1	cuba
1746	1	alliesforblacklives
78	1	access
1748	1	sanders
1619	1	historian
75	1	bozzoli
361	1	maryland
141	1	muthafucka
283	1	vine
1668	1	insanity
215	1	insulting
216	1	publicpolicy
217	1	gegenrechts
219	1	congrats
220	1	hull
221	1	memo
1696	1	hansen
223	1	biracial
224	1	vaw
1698	1	africanamericans
226	1	annihilated
1664	1	azealia
162	1	poray
230	1	choked
231	1	tamanna
235	1	fk
449	1	crabs
1661	1	commonwealth
1669	1	logo
237	1	ahole
1694	1	undermine
168	1	starspangledbanner
187	1	songs
185	1	guessed
1683	1	peacekeepers
191	1	calendar
1676	1	poweothewomen
182	1	boyden
180	1	unlike
176	1	horror
1687	1	bloated
202	1	falseequavalency
1689	1	folks
1690	1	gwent
1691	1	offering
172	1	armpit
170	1	engagement
206	1	choices
1672	1	harvardsq
210	1	bestfeature
211	1	palestinians
1693	1	stockholm
1646	1	sexoffender
238	1	douchewaffle
1660	1	charity
1651	1	publicserviceannouncement
265	1	phone
267	1	qusay
1709	1	pulls
268	1	wyou
1649	1	trough
1710	1	leads
271	1	posts
274	1	april
275	1	player
276	1	tribune
1712	1	samwu
1713	1	editorial
277	1	zeroattacks
1714	1	demonic
280	1	lawmakers
144	1	reparations
1715	1	jobs
1716	1	reson
263	1	styles
157	1	bodyimage
1653	1	joint
262	1	tefugeeswelcome
239	1	mmiwg
240	1	dkpol
155	1	fails
246	1	italians
152	1	tamirrice
247	1	deeply
248	1	downwiththetriarchy
1704	1	guarani
249	1	ifyousawinyouwhatisee
250	1	requires
253	1	complicity
1705	1	skate
149	1	rotten
256	1	biased
257	1	tens
1707	1	dissent
258	1	dictate
259	1	youth
261	1	performance
146	1	loosahs
363	1	closed
316	1	packyourshitobama
1759	1	authoritarian
37	1	neilerikson
403	1	espn
405	1	onelove
33	1	goodluck
32	1	excrement
408	1	superhero
409	1	libtards
402	1	reel
410	1	aberdeen
411	1	bridges
413	1	shameless
416	1	reminding
26	1	iswar
418	1	deadly
1785	1	wherford
419	1	whiteaustralianpolicy
1758	1	sameshitnewyear
1777	1	cresc
39	1	israelikpop
1775	1	bomb
388	1	rampant
1586	1	movements
1585	1	toonsthemed
392	1	newyorker
1768	1	peh
393	1	cuz
1584	1	womensrighttochoose
394	1	petous
395	1	impacts
1769	1	competency
1583	1	mediocre
397	1	upenn
1770	1	seventies
1581	1	jake
399	1	fighting
42	1	relates
40	1	straght
1576	1	swastikas
384	1	caturday
1786	1	objectify
24	1	blessampkeep
11	1	beer
1561	1	gangs
1560	1	tonight
437	1	preferences
10	1	decolonizing
439	1	verified
1559	1	propalestine
12	1	bellyup
9	1	experienced
5	1	developer
442	1	favourite
1796	1	falls
443	1	wog
445	1	immediately
446	1	extending
1	1	braids
6	1	raceonly
1563	1	biological
435	1	deploraball
434	1	seller
420	1	stepmom
1788	1	usual
421	1	prolapsed
1573	1	quebecs
423	1	marxs
1572	1	jind
1571	1	measured
424	1	sexualassult
1789	1	daddygavemeamillion
427	1	kitazatoshibasaburo
428	1	chops
21	1	prisoners
429	1	bates
19	1	stoptalking
1566	1	neveoolate
433	1	hebrews
14	1	foolish
1575	1	picturebangladeshi
382	1	minnesotavikings
30	1	manning
1682	1	didnot
1765	1	colluder
1602	1	imagemakeovers
56	1	therere
1595	1	bistro
1596	1	places
373	1	reversed
370	1	minoritypresident
371	1	dummies
377	1	mei
1603	1	hispters
367	1	seattle
1598	1	bringbackpage
1761	1	whiteslavers
1599	1	carolyn
1591	1	failing
372	1	damonsajnani
1762	1	infidel
1767	1	vanity
1763	1	lactation
365	1	rhoa
1588	1	seeking
5320	2	asshat
3681	2	solutions
920	2	mongering
3687	2	neonazis
3691	2	largely
148	2	sheets
3436	2	antisemites
5516	2	towns
3693	2	illegalisraelisettlements
5633	2	homosex
164	2	praised
5310	2	hocomd
3395	2	scapelliti
165	2	rags
5635	2	ahead
3698	2	sparks
5341	2	yur
3247	2	amandanunes
5513	2	goaded
3677	2	character
3251	2	paying
3393	2	drs
5336	2	safety
3453	2	pap
3271	2	repoer
5617	2	hispanicvote
153	2	bitches
154	2	props
3671	2	oppressi
1128	2	lied
1043	2	weirdo
3673	2	ourselves
5616	2	involved
156	2	trumptrain
1124	2	raids
23	2	khan
3674	2	celtic
5328	2	pamelaramseytaylor
3675	2	heater
3700	2	aicles
5517	2	unleashes
22	2	cowboys
5623	2	subjected
3255	2	outrageous
5625	2	crude
5337	2	orange
927	2	activists
5307	2	makeamericagreatagain
3431	2	queue
16	2	oppressor
5288	2	regularass
3749	2	presented
3752	2	wanted
3753	2	shameful
5659	2	winning
5286	2	takuyakimura
2	2	responded
5285	2	overcome
5284	2	posted
3415	2	cuomo
1154	2	nytimes
3768	2	rife
3769	2	sequel
3218	2	awful
3771	2	werent
3414	2	youd
3772	2	unappetizing
5268	2	breed
3774	2	prankster
183	2	humour
3776	2	westerners
3779	2	hamzayusuf
1061	2	china
184	2	hired
5535	2	waiter
3785	2	colleague
3215	2	flapping
901	2	walls
5531	2	woow
1150	2	biherism
3736	2	mrampmrs
5644	2	disabilities
70	2	imperialsm
3423	2	mexicans
166	2	ncaa
67	2	turmoil
3397	2	establishment
3420	2	families
66	2	twice
3704	2	cowardcops
3711	2	geographic
3419	2	culturalenrichment
3712	2	behaving
3713	2	totally
3242	2	thailand
5302	2	obamajarretts
3721	2	careful
3418	2	highfashion
1147	2	murray
3232	2	mugabe
3417	2	uncle
5297	2	apes
3398	2	badly
910	2	bernanke
909	2	arresting
5524	2	materials
5296	2	huh
3730	2	colinpowell
63	2	amerikkka
3719	2	controlled
147	2	unstoppable
3358	2	ferguson
3653	2	destructive
3555	2	djt
5565	2	horribly
83	2	ushistory
3344	2	escaped
3366	2	assistants
3500	2	classic
3561	2	yong
116	2	behavior
5407	2	ultimately
5567	2	pegida
1079	2	requirement
3566	2	scared
5570	2	societies
1092	2	erased
5571	2	abusive
1019	2	ecocide
41	2	socialmedia
5400	2	cochairman
49	2	barrackobama
54	2	oligarch
977	2	resigned
1022	2	chaos
123	2	airingofthegrievances
1023	2	beauty
975	2	bodies
5489	2	classy
3580	2	information
5477	2	birdsofafeather
5388	2	gave
113	2	chicks
5416	2	alternative
3517	2	narrow
3360	2	label
1005	2	mouthpiece
46	2	sites
5561	2	blocked
5469	2	blackface
88	2	saudi
880	2	repugnant
5462	2	antiamerican
1002	2	dreads
3354	2	concur
3513	2	melted
5455	2	sisters
3533	2	psychological
999	2	despise
97	2	incessant
3363	2	mcdonalds
3350	2	staing
3538	2	nigeria
1011	2	coffee
101	2	nearly
3544	2	mansplaining
5473	2	conaist
104	2	paris
3347	2	retro
45	2	boundaries
5475	2	dnc
5553	2	opkkk
3284	2	coronial
5383	2	salt
5380	2	befriending
946	2	duck
3305	2	cbc
3303	2	endofthe
5605	2	columbiamd
3632	2	bridge
3634	2	connecting
5349	2	incident
943	2	english
5607	2	judges
3299	2	powerhungrytraitors
5540	2	reinforced
3471	2	lecture
5510	2	dogwhistle
5609	2	ampor
5348	2	suspected
939	2	celebrity
1035	2	folk
3643	2	caer
3291	2	unbo
3644	2	damned
3463	2	kindledeals
3462	2	inequity
5611	2	thefuture
5511	2	risk
5344	2	changed
1122	2	himself
1038	2	funded
947	2	greatness
1025	2	patriarchy
5350	2	illegalguns
1113	2	ukip
1104	2	rewrite
3318	2	justicereform
34	2	disney
3587	2	aboion
3316	2	instructed
131	2	snobs
3590	2	whitey
5377	2	prices
3591	2	snaps
3314	2	redacts
5546	2	store
5374	2	suicide
3380	2	legacy
133	2	analysis
134	2	village
77	2	wilfully
5366	2	lanasprayberry
1068	2	southsudan
3312	2	terry
5357	2	datingapps
1109	2	preprogrammed
5595	2	yorkers
142	2	helps
5598	2	tuckercarlson
5602	2	ceo
3615	2	bought
59	2	timing
28	2	crooked
3645	2	daughter
447	2	womenmalayalam
3791	2	tpc
4362	2	antisemtism
4360	2	covering
4355	2	unfit
4353	2	questions
606	2	dontbuythesun
607	2	scary
4348	2	shopping
4339	2	barackobama
4895	2	kelly
4898	2	blood
618	2	condone
4902	2	billionaire
4328	2	districts
353	2	hillbots
4904	2	paid
4321	2	neighborhoods
4318	2	dems
601	2	degrading
4874	2	contempt
4873	2	door
4867	2	shyan
568	2	exists
4828	2	pedophile
4838	2	losses
577	2	alcohol
4839	2	neutrality
4842	2	aande
380	2	josephjett
379	2	reprehensible
4317	2	marry
4402	2	derek
374	2	bringing
4397	2	attorneygeneral
4393	2	bailed
4391	2	centre
4864	2	critical
4866	2	clip
4383	2	chicago
4379	2	doublestandards
4858	2	natt
565	2	greenspans
350	2	fetish
349	2	honestly
4950	2	macdonald
326	2	greentown
4954	2	inspiration
646	2	titties
323	2	route
4275	2	meeting
4273	2	between
4959	2	tht
651	2	whaling
4963	2	written
4260	2	yell
4256	2	helping
4253	2	brag
4251	2	fascists
4966	2	turned
662	2	washington
663	2	removed
640	2	invited
4287	2	wins
4288	2	model
639	2	annoy
4314	2	races
348	2	benghazi
4312	2	waitingf
347	2	returning
627	2	refuses
344	2	shelvey
341	2	tolerated
4303	2	georgia
4316	2	mcconnell
4927	2	building
4932	2	treacherous
632	2	dna
336	2	impeachtrump
335	2	letstalkabout
4294	2	seats
334	2	lgbti
636	2	janeelliot
4944	2	flood
337	2	impoance
4438	2	three
4817	2	fries
4441	2	condoleezzarice
4621	2	cameronstaff
4729	2	numbers
4620	2	sadly
4619	2	chelski
4618	2	emma
4733	2	atk
4617	2	entering
4615	2	worse
4738	2	stream
426	2	clarity
4740	2	giant
4597	2	craziness
425	2	nonsensical
4593	2	study
494	2	crow
4572	2	travellers
4566	2	rapechucktodd
4625	2	amy
4725	2	rare
432	2	plethora
4628	2	david
452	2	application
4692	2	push
4688	2	blogpost
4687	2	daddy
4686	2	arrogant
457	2	tyranny
4680	2	cannon
4712	2	physical
4561	2	misogny
4677	2	shackles
4670	2	blackpeople
438	2	upf
4657	2	belongs
4656	2	accuse
472	2	shooting
436	2	plane
478	2	orlando
4632	2	cake
4713	2	slices
4560	2	unpacks
4558	2	screaming
510	2	bashing
404	2	blackonblack
4485	2	facility
541	2	asked
4789	2	nationala
543	2	cancel
545	2	everytime
401	2	springst
547	2	coverups
4781	2	middle
4793	2	serves
4467	2	dumptrump
4794	2	americad
4466	2	pathetic
4462	2	duh
4806	2	cable
4451	2	unfair
4807	2	touch
4442	2	neck
4468	2	officerstaff
317	2	voterid
537	2	millennials
4493	2	countries
511	2	jerk
514	2	intersectional
4536	2	potter
4751	2	ebay
4534	2	repeat
417	2	hoodie
521	2	luck
4524	2	whitepower
4492	2	motherfucker
414	2	radicalism
524	2	scrutinize
4514	2	hereticfoundation
4512	2	everywhere
4760	2	traitorump
4763	2	admin
530	2	spin
4501	2	soon
406	2	sob
4758	2	whiter
4233	2	illegitimate
672	2	kumbaya
313	2	insecurity
3935	2	gravity
3933	2	chance
3928	2	asianmen
3926	2	syndrome
5156	2	crashed
229	2	secretaryofstate
5165	2	slant
5167	2	westerncape
5171	2	mormonism
5173	2	elected
5175	2	forward
813	2	aidingenemies
225	2	lauren
3909	2	incredible
3904	2	inquest
3898	2	saga
5194	2	convinced
5149	2	sundown
791	2	relationships
3960	2	alexjones
3965	2	mentioned
4007	2	childish
5105	2	harder
766	2	crusader
5109	2	cashing
768	2	ordination
254	2	parents
5113	2	probably
3997	2	governments
3885	2	tinfoilhat
5121	2	staed
5128	2	commie
3981	2	hye
3980	2	goverment
3979	2	weasel
245	2	jeffery
785	2	largest
5139	2	morganfreeman
788	2	propoganda
778	2	grew
214	2	taharrushgamea
830	2	marxist
213	2	trust
5230	2	according
3839	2	disgraceful
856	2	manspreading
199	2	mixed
5236	2	condescension
5239	2	california
5243	2	defines
860	2	pple
5227	2	considering
3831	2	hours
5247	2	nose
189	2	opkillingbaythecove
188	2	misogynists
3811	2	censorship
5254	2	jumpedthesh
875	2	joins
5256	2	discriminating
5257	2	yehtut
5244	2	hacketts
4008	2	stalking
3846	2	savor
852	2	politicalmillennial
3875	2	foolin
5200	2	judged
838	2	facepalm
212	2	population
844	2	islamophobes
3864	2	compass
209	2	immature
208	2	berlin
3847	2	racially
3860	2	learning
3858	2	affirmativeaction
205	2	indignenous
204	2	austin
3856	2	neighbors
3854	2	drunk
5218	2	canucks
3853	2	broad
5220	2	cease
207	2	sajnani
186	2	defunding
4010	2	nope
4013	2	climatechange
690	2	entry
4998	2	cultism
4999	2	poopin
303	2	discrepancy
5004	2	played
4166	2	motivate
695	2	sourcenation
4164	2	divisive
4162	2	foodie
5005	2	henrico
4153	2	topic
702	2	seconds
5009	2	guardian
705	2	dudes
300	2	oppounity
4139	2	rambling
5017	2	agreed
689	2	getting
4178	2	bankrupt
4179	2	golf
688	2	slow
311	2	optrump
4221	2	allows
4218	2	prostitutes
678	2	exclusive
4214	2	talent
4213	2	flyer
4985	2	disgraced
4986	2	oiler
4131	2	breathe
4987	2	verbalassault
4990	2	mdcollege
4201	2	held
4199	2	everybody
4191	2	headlines
4189	2	breaking
4187	2	uniteblue
4995	2	promise
4996	2	regressive
4989	2	overlap
297	2	jackass
714	2	proven
5020	2	modern
5064	2	projecting
5070	2	segregation
5072	2	growing
4070	2	kinda
4065	2	inflict
4062	2	disrespectful
746	2	stones
4057	2	blackvote
282	2	woke
4048	2	kurds
272	2	journalist
4043	2	whiteguys
4041	2	smile
4033	2	status
5092	2	slaves
4030	2	publicly
5093	2	sedition
4014	2	chaplin
4045	2	grp
4011	2	echo
5058	2	watched
5055	2	shuckinandjivin
5021	2	littering
4122	2	figure
719	2	causes
5022	2	makeo
725	2	businesses
4106	2	freedoms
4104	2	venue
727	2	amrica
5057	2	andrew
294	2	whitewashing
5033	2	discussing
5036	2	plaster
4092	2	mandate
289	2	manus
4090	2	thegreenpalmcottage
733	2	ceain
285	2	explanations
4078	2	mistake
5027	2	bonuses
236	2	plettenburgbay
3734	2	wildest
2821	2	mmiw
1568	2	overused
2149	2	thependulum
1254	2	rapists
2146	2	spiced
1983	2	gives
2324	2	heed
1564	2	precisely
3018	2	aware
2332	2	completely
2684	2	thiss
2152	2	patience
1558	2	raygun
2677	2	indianapolis
2143	2	desire
1908	2	sans
2674	2	simple
1780	2	controversy
3031	2	philandocastile
3035	2	blacklivesmatters
1407	2	blonde
2021	2	sees
2667	2	sickening
2679	2	banned
1259	2	educational
1904	2	brings
2697	2	reminder
2180	2	libcrib
2010	2	spot
1385	2	jcpenney
1272	2	familybut
2299	2	hocoschools
1776	2	pisses
1577	2	zuma
2172	2	carlpaladinoelection
2718	2	announces
2169	2	sexuality
1984	2	measure
1269	2	chess
2985	2	lovely
2714	2	james
2012	2	kitchen
2164	2	gandhi
2713	2	govt
2311	2	facebooks
2313	2	iqg
2995	2	progressives
2161	2	claimed
2156	2	wasted
2155	2	morals
2344	2	mailbox
1408	2	teenager
2345	2	overwhelmingly
1552	2	cruel
1823	2	patriotism
2624	2	code
1430	2	employee
2362	2	afp
2363	2	losers
3069	2	sturgeon
2028	2	review
2609	2	photos
2364	2	draw
2118	2	shake
1822	2	shallow
1439	2	cheerleader
1790	2	sums
2115	2	feb
2604	2	bonhoeffer
2113	2	wonderful
1703	2	clintons
2367	2	scam
3076	2	recordeven
1444	2	usher
3077	2	stops
2030	2	weaponry
2596	2	dumping
2625	2	stage
2297	2	inuit
3062	2	excouncillor
2360	2	tupperwear
1550	2	anonymous
2132	2	cress
2661	2	recast
2241	2	credit
1699	2	chump
2656	2	ukraine
2352	2	jerusalem
2651	2	christmasadve
1416	2	maters
1910	2	universities
1787	2	edinburgh
1234	2	offended
3051	2	linguistics
2646	2	mustfall
2640	2	wisconsinmadison
1423	2	apologize
1700	2	merge
3057	2	outlets
2632	2	hamids
2630	2	dream
3058	2	rapeugee
1738	2	thieves
1701	2	graduates
1229	2	attend
1652	2	aches
2728	2	obvious
2729	2	lettuce
2886	2	bunch
2822	2	editor
2225	2	cpc
2221	2	kitazato
2889	2	discovered
2260	2	argued
1686	2	views
1346	2	endthenation
1861	2	couples
2807	2	sweep
1609	2	cost
2214	2	germany
1877	2	kenya
2801	2	uyanze
2800	2	foxnews
2899	2	spirit
1860	2	raging
2900	2	vegan
2797	2	warning
1352	2	candide
2793	2	existence
2790	2	hawk
2266	2	amendment
2827	2	cuck
1336	2	losangeles
1334	2	challenged
1866	2	bailey
2245	2	welsing
1597	2	mayor
1865	2	john
1601	2	turns
2859	2	mario
1326	2	morality
1998	2	impact
1604	2	farm
1760	2	camber
1320	2	along
1329	2	explains
1330	2	pls
2871	2	icymi
2231	2	relatives
1692	2	beauregard
2841	2	blackwomen
1316	2	bestof
2876	2	damon
1314	2	offical
1590	2	deliberately
2880	2	ivankatrump
2836	2	antics
2270	2	plutocrat
1302	2	lunatics
2911	2	lousy
1695	2	cutest
2947	2	teaching
1856	2	supremacists
1282	2	thyini
1281	2	bastard
2750	2	arms
2290	2	heroes
1372	2	quantico
2746	2	michigan
2953	2	weeks
1852	2	xxx
2291	2	interview
2195	2	minions
2742	2	smell
2741	2	treats
2737	2	stick
2736	2	lasses
2962	2	homicides
2294	2	effo
2295	2	jackals
1276	2	took
2966	2	guide
1848	2	binds
2190	2	coworker
2760	2	screenshot
2186	2	statements
2762	2	snowball
1284	2	four
2914	2	refuted
1582	2	skinned
1885	2	intolerance
2919	2	woodrow
1295	2	malema
2278	2	maddow
2924	2	replies
1615	2	note
2772	2	theyve
1616	2	lifes
2281	2	whitefish
2926	2	nationalism
1365	2	felony
1366	2	encounter
2929	2	multimillion
2764	2	assumptions
1857	2	experiences
1291	2	shill
2935	2	nationality
2936	2	drug
1289	2	taxpayers
2943	2	rocks
1617	2	storytelling
2202	2	techjunkiejhthe
2595	2	threats
3042	2	effective
2401	2	cafenoirproject
2464	2	blogger
2089	2	postbrexit
3185	2	teacher
1727	2	morning
2078	2	economicapahied
1934	2	notracist
1808	2	buliding
3174	2	joie
2090	2	bugg
2506	2	sooo
3172	2	newshow
2505	2	spend
1203	2	racebaiting
2064	2	arrests
1526	2	islamaphobia
1802	2	math
1471	2	sunderland
1206	2	empathy
1726	2	menorah
1468	2	becoming
2474	2	series
1518	2	parenting
3145	2	thoughts
2452	2	empire
2483	2	emboldened
1501	2	bitching
3108	2	cities
2550	2	sarcasm
2415	2	spew
2530	2	natural
1201	2	colts
3183	2	charging
2472	2	quiet
3138	2	failure
2517	2	nsfw
1479	2	toures
1805	2	priyankachopra
1959	2	loose
1923	2	finger
1197	2	extoion
3127	2	philosopher
3176	2	climatecrimes
1477	2	camstaff
3213	2	sight
2521	2	disavow
1492	2	documentary
2060	2	destruction
2476	2	shocking
1494	2	sends
1657	2	vps
1804	2	okay
1936	2	filth
3181	2	maria
2512	2	wakeup
1811	2	mysoginist
1659	2	resource
1531	2	meditation
1200	2	genius
1924	2	illegals
3182	2	products
1175	2	complained
2504	2	mustread
2391	2	bacon
2056	2	thiza
1190	2	axed
2099	2	emojis
1815	2	intolerant
3152	2	suppression
2501	2	finepass
2566	2	conflates
2490	2	socialist
3161	2	accusations
1513	2	ageism
2096	2	ccot
1164	2	complementarian
1454	2	invasion
1965	2	heels
2070	2	endorses
2574	2	racemix
2377	2	taught
3205	2	exploitation
2579	2	selah
1484	2	hype
3157	2	merrychristmas
3093	2	adores
3092	2	arrive
2585	2	inmates
2068	2	embrace
2427	2	speaks
1515	2	brothers
1446	2	treacy
2498	2	iah
3148	2	factophobia
3207	2	soccer
1174	2	travelled
1527	2	staup
3104	2	malia
1505	2	consequences
1942	2	societys
2093	2	iran
1706	2	yesterday
1508	2	realitycheck
1464	2	restrained
2556	2	teapay
1916	2	andor
1210	2	higher
3197	2	choking
2049	2	owes
2591	2	demand
1721	2	wang
3210	2	theirs
1722	2	suppoed
2441	2	trample
2495	2	salutbut
3097	2	suggest
2054	2	trophy
1956	2	wus
3098	2	commonsense
1211	2	preordered
4436	3	kiss
4772	3	whitenationalist
398	3	wypipo
1524	3	imagine
1580	3	youtube
2288	3	enduring
2491	3	reasons
795	3	viral
4437	3	imperialism
4570	3	capitalism
4433	3	rhetoric
2485	3	rational
2285	3	rsf
1753	3	defending
3975	3	district
4418	3	wout
571	3	canadian
2481	3	acab
122	3	slander
5398	3	repoed
2279	3	laid
1525	3	inclusivity
4430	3	nonracist
1930	3	version
1364	3	misogynistic
3967	3	workers
4779	3	nicola
4777	3	elitist
2770	3	mexico
2280	3	critics
1728	3	clean
2283	3	subtle
1888	3	period
557	3	presidents
4802	3	belgian
2419	3	sending
4513	3	bed
4840	3	average
2825	3	socialjustice
4478	3	systemicracism
2256	3	powerful
4843	3	whores
1875	3	fragility
1503	3	aist
1332	3	penney
4848	3	century
1757	3	mostly
2439	3	unmasking
136	3	months
3840	3	pussygrabber
1511	3	pics
5534	3	merry
171	3	prosecute
4508	3	moi
2854	3	colour
5294	3	gaslighting
866	3	slap
61	3	role
840	3	union
2433	3	protect
3829	3	helpcovedolphins
861	3	arrested
2849	3	hugs
5299	3	noticed
4852	3	interested
1512	3	moved
1720	3	obstruction
1697	3	otherwise
1342	3	embrac
4542	3	tweeted
4804	3	global
2274	3	mormonis
1882	3	engage
3930	3	servant
3927	3	games
1358	3	watching
68	3	posing
4440	3	biblical
3921	3	chat
3920	3	drink
809	3	officially
3917	3	tlc
1878	3	tolerate
816	3	socially
818	3	bigoted
1350	3	hv
2467	3	latina
4831	3	backlash
3874	3	occurredjust
2815	3	inflame
834	3	palladino
385	3	yiannopoulos
5386	3	including
4835	3	compet
4547	3	horrible
828	3	scrubs
5525	3	area
2462	3	threatening
3893	3	january
822	3	bluntly
558	3	africans
3888	3	rooted
4770	3	tweettaiji
4254	3	enlightenment
4573	3	stillwithher
4689	3	kindness
4147	3	offered
2392	3	multiple
1549	3	airpo
4152	3	ux
698	3	deadliest
4163	3	weird
4612	3	microaggressions
106	3	proved
4313	3	intellectual
1739	3	stood
458	3	varying
4169	3	eugenics
4311	3	quebec
2354	3	unless
2657	3	sell
2660	3	added
623	3	racewar
4608	3	afraid
4117	3	educated
5467	3	idiots
4121	3	ashamed
448	3	loves
4598	3	homophobe
4123	3	stlouis
4124	3	oven
4175	3	saw
5347	3	among
4603	3	legend
620	3	meccalive
4604	3	amanda
5427	3	ufc
4693	3	bp
2393	3	mature
4322	3	amwriting
5323	3	plans
2339	3	spoke
2553	3	publishing
105	3	anybody
2583	3	learned
151	3	cultures
4274	3	neighborhood
4236	3	explanation
2600	3	heel
4650	3	longer
98	3	inside
1544	3	bhakt
2369	3	dictator
1968	3	alllivesmatter
4263	3	workplace
659	3	although
4640	3	riddance
1969	3	salad
4252	3	yusuf
4279	3	crimes
670	3	bollywood
675	3	banks
2616	3	tries
4185	3	veiled
2629	3	argument
1463	3	sociopath
4671	3	classism
1428	3	embarrass
1460	3	everyday
2564	3	porns
2636	3	presidentelect
4298	3	voting
465	3	probab
4204	3	scumbag
2361	3	smoking
1537	3	euref
4211	3	relationship
145	3	repug
2617	3	prank
4202	3	finally
4768	3	producers
444	3	hasnt
4706	3	clothes
5496	3	perfect
4028	3	thread
755	3	taxpayer
4377	3	voice
4035	3	kwanzaa
4036	3	tony
2508	3	intent
5412	3	tool
5315	3	wen
2510	3	indians
5490	3	minorities
4373	3	since
4371	3	remain
1386	3	ohio
1574	3	hosts
100	3	chant
4026	3	chosen
4025	3	massive
759	3	fellow
2494	3	missing
2748	3	dictionary
583	3	appeal
4577	3	stoppe
2292	3	something
4009	3	laws
118	3	pun
4050	3	marketing
1483	3	shown
4015	3	league
763	3	george
2731	3	forever
761	3	preach
4019	3	becomin
2730	3	sounds
5497	3	realized
500	3	positive
4109	3	britain
4368	3	hypocrisy
2513	3	signs
1567	3	whom
2523	3	zionist
735	3	bds
2322	3	values
2526	3	bread
1397	3	advocate
2399	3	forgot
1562	3	platform
4096	3	quotes
1711	3	advanced
2331	3	womenvote
1918	3	steal
5471	3	passed
1532	3	endless
613	3	mars
4356	3	boots
4357	3	highlycontested
2695	3	brief
2317	3	blatantly
1744	3	listening
749	3	beyond
600	3	cretin
2514	3	religions
495	3	hello
5485	3	sept
745	3	hide
4051	3	native
2314	3	tucker
1388	3	definitions
4736	3	overwhelming
5481	3	draintheswamp
1901	3	confession
2703	3	trumpworld
1569	3	step
2518	3	msg
603	3	popularvote
4869	3	xmas
2428	3	negligence
5641	3	shall
3658	3	feeding
2036	3	msm
3065	3	jail
1854	3	conman
934	3	thug
4943	3	mere
935	3	cool
1806	3	bitter
1033	3	kaepernick
1803	3	funde
5150	3	stain
5155	3	reagan
3184	3	riyadh
3060	3	amid
3259	3	pueorico
2192	3	happens
2191	3	attempt
3482	3	baiting
2964	3	destroyed
3483	3	nasty
5277	3	snowflakes
321	3	detroit
4	3	tolerance
2123	3	assume
3622	3	blast
1847	3	cracker
2187	3	rules
5188	3	biggest
2948	3	checked
928	3	cud
332	3	faced
273	3	actually
1139	3	thousands
914	3	mummersparade
4923	3	jesus
4926	3	montana
1224	3	coverage
916	3	rondarousey
1042	3	lifelessons
5620	3	boycottdelta
3699	3	dollar
3452	3	ordered
3697	3	folx
2210	3	antisemitic
5214	3	fathers
2209	3	professor
2080	3	innocent
2205	3	wud
919	3	killer
4935	3	protests
2135	3	attacked
3682	3	enable
3067	3	dismantle
47	3	soros
3244	3	offers
3678	3	playing
4936	3	donation
3245	3	richardspencer
1036	3	negro
1099	3	wp
3443	3	happynewyear
3179	3	patriotwatch
3154	3	divider
1261	3	adamsaleh
5213	3	selfie
7	3	humiliated
3043	3	jimmy
3010	3	due
3288	3	conviction
3511	3	slurs
5252	3	africanamerican
3015	3	enjoy
1251	3	difficult
5603	3	attracted
1240	3	commercials
1009	3	silent
5035	3	knows
3548	3	meaning
3521	3	documented
5032	3	trc
293	3	fast
2019	3	mmusimaimane
3022	3	hashtag
1639	3	bullshit
997	3	gweh
3036	3	imo
1663	3	shiless
1680	3	awesome
3536	3	bash
29	3	bluelivesmatter
227	3	mock
4870	3	masses
3282	3	morgan
978	3	ethnicity
954	3	bats
3309	3	pastor
3612	3	controversial
3055	3	italian
957	3	shoot
1774	3	dispose
3272	3	development
2176	3	cross
1684	3	fred
3273	3	decided
1270	3	bewitched
190	3	policing
3276	3	christmaseve
1130	3	cowboy
1112	3	ambassador
1020	3	nonsens
1018	3	congress
5654	3	likely
2128	3	amjoy
3047	3	caught
36	3	definitely
3582	3	btw
2993	3	rally
2996	3	blk
287	3	husband
2997	3	doublestandard
305	3	hands
3000	3	feminists
5266	3	celebrates
4922	3	criminals
3328	3	virginia
1643	3	solve
3103	3	customer
2230	3	station
362	3	beware
1606	3	hc
4884	3	versace
1654	3	airlines
2007	3	yup
3356	3	boss
1310	3	saturda
1145	3	suit
1219	3	wwi
3386	3	pure
2034	3	zero
4912	3	inferior
1082	3	japanese
5631	3	emoji
13	3	students
3082	3	sorry
1309	3	korematsu
1163	3	valuechain
897	3	goodbye
2051	3	walking
887	3	committed
1085	3	discussed
2882	3	fucktrump
2032	3	anymore
1764	3	crook
1212	3	blind
3404	3	mrs
2053	3	charge
3226	3	sucks
894	3	journo
2223	3	beloy
3767	3	facts
1063	3	shitty
3124	3	defeat
2877	3	hamza
884	3	oops
3229	3	near
5138	3	quick
2890	3	bold
5228	3	attitude
3081	3	narcissist
3733	3	fresh
5096	3	alleged
3432	3	upset
2906	3	myanmar
3368	3	bonus
2909	3	tweets
3714	3	continue
5232	3	headline
3429	3	douchebag
3716	3	performer
4917	3	allies
4877	3	freeman
1613	3	recent
5638	3	wasnt
3192	3	deplorables
3720	3	european
2033	3	basket
244	3	fb
5090	3	fashion
3801	3	liberalism
2905	3	exposed
5628	3	southern
1155	3	couldnt
3724	3	rather
3361	3	majority
1074	3	takes
266	3	bots
1670	3	complete
251	3	journalism
368	3	convince
3337	3	weve
3802	3	yall
3707	3	nov
3032	4	cold
5426	4	taharrush
5028	4	malay
89	4	mormon
2127	4	driver
1793	4	syria
2536	4	acting
1534	4	disrespect
1241	4	communist
5049	4	hopes
1909	4	whiteness
2554	4	sense
1204	4	military
1412	4	lede
5464	4	garbage
2528	4	equate
5637	4	college
5636	4	decide
2349	4	spos
1070	4	attract
4579	4	kevin
2134	4	omits
5634	4	homes
201	4	based
5045	4	thecove
2092	4	joseph
456	4	candid
4154	4	jihad
3044	4	funding
2403	4	jim
697	4	joking
712	4	vandals
5406	4	choose
4159	4	ivanka
2353	4	bears
4696	4	prez
1919	4	joseon
1062	4	irish
1675	4	create
4173	4	tedatibm
656	4	born
1977	4	lessons
20	4	kwanza
2373	4	antiwhite
3066	4	extremists
4215	4	especially
4220	4	promoting
5098	4	rapeculture
1927	4	rebellion
5450	4	commit
3342	4	comedy
4629	4	republicans
2046	4	account
5452	4	title
3465	4	refugeeswelcome
1194	4	seen
2075	4	below
673	4	water
5084	4	wild
2108	4	israelisettlements
475	4	instead
1794	4	poke
2601	4	calm
2106	4	maimane
3460	4	acted
4235	4	paul
242	4	nye
194	4	resolution
3070	4	colou
1047	4	second
150	4	excuse
5447	4	sir
1098	4	slammed
284	4	loving
649	4	outside
281	4	anywhere
3484	4	groups
4350	4	renowned
2525	4	projection
3487	4	expected
1453	4	keeps
3407	4	chinese
5435	4	interracial
1111	4	song
1917	4	doublestan
1980	4	issues
4392	4	trumpism
1232	4	pretty
2565	4	neonazi
691	4	died
1057	4	scream
3126	4	divide
2379	4	biden
3410	4	lunatic
3413	4	ground
3146	4	abt
3477	4	ultra
4197	4	democraticpay
2582	4	ethnocentrism
1449	4	cops
112	4	facebook
3151	4	none
5103	4	advice
2122	4	whitesupremacist
1427	4	yay
1450	4	flights
4190	4	representation
1086	4	friends
3478	4	russian
3408	4	standing
1600	4	truly
1404	4	sweet
549	4	whilst
3783	4	cussed
1754	4	remember
799	4	address
2453	4	insane
2842	4	declared
396	4	hoe
2778	4	typical
520	4	evidence
2779	4	psycho
2838	4	rip
3934	4	march
3932	4	lure
4810	4	debate
4811	4	audiblechannels
1360	4	politicians
342	4	socialjus
2340	4	conflate
2271	4	cdnpoli
3689	4	boob
3962	4	room
3787	4	trumpusa
5206	4	atlanta
2058	4	tlot
2759	4	practice
2867	4	mine
2761	4	night
2763	4	ronda
5558	4	stuff
4518	4	relations
4786	4	treasonoustrump
3680	4	waste
5667	4	nigga
5555	4	arabs
789	4	despite
2769	4	cameron
3964	4	omg
1579	4	trial
3688	4	making
895	4	levels
1797	4	forced
4919	4	difference
4486	4	refer
390	4	else
888	4	proof
904	4	noh
3762	4	hated
387	4	perry
3741	4	entire
386	4	working
4827	4	seat
4841	4	hillaryclinton
2885	4	iconic
833	4	niggers
2819	4	horrifying
2262	4	vp
3876	4	klan
900	4	looking
2257	4	happyholidays
381	4	familiar
4479	4	anal
3735	4	secret
4845	4	antiblackness
3715	4	opposed
1879	4	agenda
4480	4	yeah
4915	4	leaving
3914	4	doom
4815	4	brain
2901	4	normalizing
2798	4	prince
3725	4	stupidity
906	4	dating
3851	4	impossible
3731	4	eating
1162	4	messi
50	4	tyler
2422	4	result
2805	4	guilty
3896	4	release
5664	4	happening
3204	4	profile
366	4	humans
2754	4	inse
3818	4	delete
738	4	unbelievable
3792	4	least
1258	4	podcast
2696	4	neutral
980	4	zionazis
1742	4	communism
3289	4	image
1263	4	return
2250	4	rapacious
4072	4	jcpenny
5423	4	familys
1123	4	sealed
1997	4	endorse
4064	4	tsa
138	4	general
1393	4	page
2693	4	absolutely
5012	4	standards
1594	4	company
2404	4	animal
721	4	ksa
4112	4	lpc
1556	4	xians
3812	4	conservative
2141	4	records
5355	4	happened
2144	4	blamed
1324	4	stars
4410	4	challenge
440	4	boot
2486	4	prevail
31	4	save
2330	4	often
3167	4	minute
3290	4	cite
4719	4	ideology
3584	4	netanyahu
140	4	fox
2479	4	whole
5581	4	rule
5318	4	barack
4757	4	nunes
2430	4	radio
3629	4	millions
3633	4	mouth
3636	4	regarding
5362	4	number
2193	4	wanna
4856	4	final
4549	4	valid
179	4	within
1168	4	greenspan
1167	4	student
4457	4	works
5504	4	turning
5656	4	program
126	4	retard
896	4	weapon
308	4	female
5578	4	hating
5536	4	complain
1267	4	blacktwitter
3275	4	terms
2978	4	roots
2982	4	rnc
2177	4	clearly
163	4	virgin
3270	4	lows
5181	4	hrc
2059	4	unifying
1773	4	running
5491	4	showing
422	4	guard
2044	5	
3116	5	pick
4525	5	ndn
4509	5	coal
1964	5	suppoing
5203	5	hunger
2529	5	citizens
4511	5	hatespeech
4500	5	expats
1514	5	needed
4516	5	unpresidented
3191	5	base
1476	5	safe
1523	5	genetics
3256	5	beginning
3258	5	occur
117	5	purpose
2042	5	case
5161	5	diversity
1951	5	hypocrite
5162	5	historic
2482	5	billion
5356	5	pizza
143	5	activist
504	5	crap
2069	5	snowflake
8	5	butt
2488	5	pedophilia
3165	5	excellent
5168	5	victims
513	5	antiblack
497	5	gone
1105	5	told
5387	5	etc
522	5	narrative
4591	5	roof
3196	5	trumpis
1724	5	hatecrime
2084	5	palestine
5223	5	antisemite
5221	5	stay
1504	5	politician
3231	5	service
218	5	kindle
4530	5	shis
519	5	beat
1528	5	except
2454	5	opkillingbay
3323	5	rock
1949	5	problems
2074	5	alabama
516	5	reveals
130	5	asians
5399	5	coward
4161	5	slur
3114	5	football
2185	5	harm
1343	5	relevant
2296	5	tedtalks
2725	5	prejudice
3880	5	tip
3607	5	space
2301	5	climate
965	5	disappointed
3596	5	incest
2218	5	young
2163	5	angry
2712	5	todays
4737	5	names
4069	5	waiting
4734	5	cleveland
491	5	kick
5476	5	koreans
2788	5	attorney
5259	5	hearing
441	5	freemilo
3019	5	language
57	5	ebook
298	5	knew
952	5	bee
3557	5	monster
4899	5	ableism
160	5	htt
841	5	false
2151	5	helm
1262	5	sexualpredator
3572	5	members
1252	5	offensive
3619	5	stands
389	5	couple
1622	5	health
3900	5	fashio
2941	5	profit
3670	5	aampe
3971	5	attention
3692	5	former
2211	5	homophobia
3985	5	australian
2802	5	empower
801	5	chose
4805	5	newyearseve
3938	5	future
2272	5	heard
2781	5	fell
2268	5	ethnic
2916	5	smh
5255	5	rousey
5508	5	tube
1369	5	united
2968	5	vids
1685	5	sands
1620	5	rohingya
2804	5	kentucky
2197	5	israelis
4949	5	pigs
4774	5	ofc
4948	5	burn
1749	5	jealous
3649	5	stereotypes
4766	5	major
1618	5	insults
2289	5	stab
72	5	kills
5564	5	silence
295	5	rates
1557	5	swamp
850	5	yrs
1543	5	guns
648	5	fp
5439	5	triggered
3085	5	joe
4266	5	denounce
653	5	winner
3793	5	odd
2594	5	plz
2370	5	remove
2863	5	content
3448	5	absolute
470	5	opinion
3789	5	quote
666	5	poor
1443	5	cnn
159	5	injustice
642	5	impoant
4863	5	raise
4326	5	landholding
2538	5	celebrate
1076	5	cheer
4610	5	buddy
3383	5	until
873	5	indigenous
2576	5	half
487	5	blunt
3391	5	owned
5229	5	site
1060	5	xenophobic
638	5	traffic
4623	5	university
200	5	bigots
874	5	proo
2608	5	radicalisation
1914	5	commercial
1037	5	revenge
4697	5	corruption
710	5	seal
5039	5	bye
1784	5	santa
883	5	during
1645	5	using
3777	5	shop
1415	5	almost
4170	5	openly
5612	5	hopeful
2639	5	christianity
4180	5	chief
5056	5	respond
3457	5	wise
4184	5	following
2845	5	mtv
4195	5	dying
3830	5	away
4659	5	deaths
4664	5	whitegenocide
278	5	glad
279	5	attacks
2631	5	rwnj
3468	5	movie
3718	5	hrs
2850	5	research
4198	5	crisis
5454	5	caused
5453	5	movement
2220	6	spit
5305	6	allowed
4836	6	democratic
1608	6	thinks
1948	6	either
1605	6	opt
2238	6	lisa
1996	6	balls
2039	6	around
4797	6	arabic
2091	6	meant
5114	6	texas
5127	6	zionism
4627	6	crack
5102	6	raid
1650	6	street
2111	6	hus
5219	6	oppress
5147	6	educate
2119	6	correct
5061	6	murdering
1547	6	discuss
4681	6	piss
5044	6	newyears
4920	6	ibooks
2130	6	dive
5261	6	block
5014	6	putinspuppet
1952	6	apparently
430	6	trumpsamerica
4564	6	haters
2305	6	drive
1666	6	memes
4970	6	popular
222	6	acceptable
509	6	progressive
1985	6	deep
325	6	pointed
4550	6	donkey
4942	6	given
5166	6	hire
95	6	spark
2045	6	nice
773	6	democracy
4291	6	nut
1876	6	interest
2829	6	 
3171	6	guess
2547	6	prison
858	6	assholes
1126	6	hitler
1323	6	begin
3809	6	policy
3450	6	potus
3799	6	originally
3797	6	canada
2862	6	terrorists
2865	6	control
3331	6	relation
3778	6	champ
5421	6	fraud
2883	6	nyc
1313	6	two
4345	6	dies
3755	6	policies
2515	6	dick
3746	6	german
55	6	oppose
3737	6	unleashed
2896	6	lumpy
1798	6	korean
3437	6	perhaps
2573	6	whitesupremacy
832	6	single
5436	6	prevents
2654	6	blicqer
3142	6	double
1409	6	threaten
2668	6	dare
2670	6	gf
1406	6	stone
3147	6	gorilla
4193	6	surprised
723	6	povey
2680	6	mast
4206	6	dystopian
2694	6	together
5472	6	experience
2502	6	whats
4075	6	economic
1743	6	ellen
3352	6	saleh
5486	6	biher
1075	6	strong
1792	6	ego
5503	6	zionazi
4246	6	feed
3973	6	food
1178	6	council
1055	6	nick
1053	6	democrats
1816	6	dw
2780	6	apaheid
4066	6	walk
1928	6	minority
1227	6	disgrace
913	6	treat
4498	6	lines
5566	6	wake
3029	6	trash
1830	6	policebrutality
1496	6	adultery
3507	6	mexican
3524	6	extremist
5665	6	picture
4427	6	hid
2451	6	transformation
2969	6	share
2970	6	concept
3222	6	males
4473	6	swastika
1238	6	opposition
962	6	seriously
128	6	perform
2973	6	piece
4450	6	train
3650	6	define
2975	6	society
4421	6	racists
5592	6	leftist
989	6	rose
570	6	cute
1294	6	confirmation
1024	6	photo
1170	6	immigrants
4400	6	reach
1230	6	brand
1248	6	humanity
3266	6	lights
3209	6	cell
1840	6	reaction
1245	6	grow
776	7	dangerous
4146	7	msnbc
963	7	actions
1629	7	propaganda
4046	7	fly
3597	7	notice
5126	7	humanrights
3332	7	political
2286	7	sharpens
1986	7	whiteprivilege
5112	7	dark
1088	7	harassment
4137	7	gate
1007	7	iq
736	7	predator
1097	7	oust
730	7	newswithed
4098	7	defend
451	7	gay
2334	7	marx
5587	7	hater
3528	7	represent
243	7	normal
1836	7	jc
718	7	alive
2022	7	bring
2335	7	crazy
808	7	violent
3963	7	rude
195	7	sure
4955	7	things
938	7	lake
1280	7	answer
178	7	schools
3458	7	fall
3064	7	deplorable
3502	7	confirm
5569	7	jeffsessions
5610	7	target
1235	7	tax
5287	7	mf
352	7	palestinian
2124	7	endof
1863	7	eyes
3472	7	fang
1301	7	immigration
3476	7	criminal
4939	7	environmental
4972	7	holidays
1592	7	reverse
2963	7	understand
5515	7	possible
3941	7	claims
953	7	lesson
804	7	believes
1304	7	little
4816	7	resignation
2267	7	freedom
4818	7	extremism
855	7	criticism
825	7	few
65	7	charles
951	7	found
5304	7	hollywood
3508	7	events
842	7	fair
1818	7	violence
5529	7	teen
3845	7	phillysuppophilly
5042	7	cologne
700	7	colonialism
527	7	promote
2655	7	swiftly
4245	7	position
4463	7	greed
4546	7	grab
5393	7	damn
3243	7	week
4243	7	funny
3190	7	thrown
4649	7	stories
96	7	loser
4408	7	town
4658	7	settlements
233	7	brother
1665	7	healing
590	7	tale
4241	7	coming
5410	7	ww
2071	7	wb
5178	7	clear
2531	7	build
4645	7	rants
4537	7	anything
4460	7	wonder
1718	7	react
1671	7	marijuana
4535	7	incl
5151	7	revolution
2077	7	outrage
4262	7	wishes
4469	7	voters
4637	7	explain
535	7	speaking
4267	7	response
5378	7	fully
2434	7	enemies
5621	8	blatant
3942	8	types
1648	8	kids
1046	8	buy
4803	8	americas
1361	8	trying
3454	8	bud
58	8	blue
5241	8	prevent
3442	8	oral
3293	8	inauguration
1351	8	decades
3170	8	immigrant
3862	8	boys
3894	8	chain
197	8	slavery
1589	8	moron
484	8	rats
1791	8	fakenews
3882	8	common
174	8	question
1708	8	main
4832	8	ku
836	8	rejected
2814	8	statement
3327	8	aims
4599	8	killing
3710	8	guys
2879	8	bitch
4976	8	effect
4981	8	wife
2416	8	bullying
5600	8	serious
5195	8	inequality
2989	8	juan
2015	8	special
2131	8	wars
1841	8	industry
523	8	refugees
3208	8	total
987	8	music
1778	8	feminist
5590	8	neighbor
532	8	judge
3545	8	fought
4494	8	lds
4893	8	woh
3201	8	evan
5276	8	themselves
4594	8	impression
4346	8	expose
2120	8	corrupt
4587	8	west
3277	8	place
5281	8	europe
655	8	looks
4458	8	states
48	8	bih
2212	8	root
4931	8	indian
576	8	pros
1667	8	neverump
566	8	civil
1679	8	michelleobama
3628	8	bin
3706	8	record
1054	8	lee
2848	8	small
3160	8	shut
2293	8	date
2037	8	anyone
4040	8	reveal
1745	8	money
1887	8	seems
731	8	become
2719	8	father
5643	8	market
4724	8	hold
5309	8	sexy
1973	8	jokes
1196	8	wouldnt
4020	8	combat
3394	8	progress
4047	8	blame
3961	8	shot
1565	8	hero
79	8	community
4101	8	meme
4029	8	joy
4250	8	unite
463	8	science
4182	8	nations
709	8	church
93	8	goes
1737	8	write
4127	8	definition
1655	8	serve
4642	8	paladinos
1187	8	hates
3378	8	journal
5135	8	nbc
4200	8	fail
1922	9	mall
1482	9	welcome
2527	9	stopracism
501	9	tories
4578	9	pussy
364	9	close
611	9	voted
5176	9	cab
2002	9	auspol
5071	9	rapist
1607	9	fucked
4889	9	fans
2860	9	asshole
4332	9	ago
3371	9	came
1319	9	mma
1198	9	quit
5185	9	neo
1729	9	scum
5327	9	east
1405	9	uses
5031	9	adult
724	9	throw
683	9	puppet
4102	9	reflections
1781	9	teach
3606	9	npr
3608	9	prove
5270	9	wear
1783	9	bot
2618	9	refugee
5274	9	adam
1094	9	sexism
553	9	profiling
4095	9	rul
2463	9	sharp
3506	9	radical
4557	9	preorder
3646	9	denial
3	9	settlement
1293	9	wtf
431	9	threat
2204	9	ouch
5132	9	semitic
4083	9	offer
5249	9	realize
5614	9	clinton
4872	9	delta
3541	9	early
2552	9	flight
5522	9	wrong
1442	9	forget
2817	9	freed
1050	9	doing
5311	9	bbc
800	9	brutality
797	9	respect
485	9	suck
18	9	lady
4261	9	officers
3440	9	force
1578	9	disease
2253	9	value
4809	9	government
2542	9	shame
3945	9	spread
60	9	stereotype
4787	9	ugly
2029	9	dad
3294	9	idea
3300	9	repo
2112	9	assault
5519	9	whitepriv
827	9	mind
4284	9	shows
4778	9	rother
2773	9	house
489	9	expect
4515	9	evil
5389	10	buffalo
3221	10	havin
1115	10	jewish
1674	10	different
4099	10	nyt
926	10	terrorist
4569	10	head
677	10	depl
203	10	reality
480	10	supremacy
2094	10	info
2756	10	already
831	10	dead
843	10	lgbt
4661	10	victim
5361	10	eah
2958	10	destroy
3931	10	fool
2691	10	worst
3230	10	donaldtrump
2689	10	cause
331	10	deal
3274	10	friend
550	10	bill
996	10	asses
1125	10	nigger
5115	10	board
2150	10	fired
4609	10	key
3364	10	logic
2991	10	telling
4601	10	sham
1810	10	evolution
4607	10	leb
1311	10	murder
4049	10	sexist
3421	10	whitepeople
462	10	arrest
2307	10	group
1884	10	join
5474	10	vs
196	10	chick
634	10	calling
4395	10	blog
5324	10	past
5482	10	comes
1103	10	miss
1440	10	theyre
876	10	hateful
3523	10	flag
1677	10	liberals
1999	10	psa
5015	11	voter
3324	11	ignorant
3014	11	god
3333	11	fine
3094	11	gender
400	11	before
260	11	ends
525	11	ones
3563	11	fyi
291	11	times
4984	11	euro
1185	11	cop
481	11	means
2171	11	leave
4783	11	callin
1740	11	sexual
2168	11	brown
4113	11	staff
2619	11	danger
3807	11	sick
4947	11	dear
5405	11	once
181	11	run
849	11	official
4586	11	bad
3754	11	send
5432	11	abe
4851	11	troll
356	11	agree
2228	11	disgusting
5622	11	campaign
5422	11	member
3826	11	fucking
3822	11	womens
3810	11	star
108	11	care
869	11	slaver
3485	11	nationalist
3690	11	ads
5177	11	lock
5434	11	issue
4663	11	without
4544	11	idiot
781	11	fuhered
1828	11	project
327	11	sale
3434	11	wonthey
3652	11	pm
4417	11	everything
4871	11	body
5505	11	genocide
4568	11	rich
3542	11	christians
2072	12	tech
1066	12	discrimination
1118	12	acts
1813	12	uselections
2043	12	milo
1678	12	peace
3467	12	crime
5129	12	hand
1056	12	happen
25	12	towards
5089	12	naked
3030	12	called
1182	12	reject
5159	12	illegal
3212	12	cover
2749	12	best
1752	12	yourself
506	12	green
376	12	anger
2685	12	aicle
4364	12	path
1987	12	mental
343	12	children
792	12	fight
2384	12	another
4897	12	cochair
3663	12	protesting
2592	12	follow
4132	12	message
871	12	nude
3940	12	ending
5463	12	systemic
3815	12	mother
1441	12	home
2612	12	dig
455	12	islamophobia
469	12	jan
383	12	cut
3944	12	holiday
5007	12	lets
775	12	fuher
2744	12	reading
2312	12	tv
5584	12	teamsuperjunior
4521	12	education
2998	12	proud
2160	12	israeli
2315	12	round
5493	12	pig
415	12	polarisation
328	12	witho
2708	12	theresistance
1379	12	poc
5267	12	reflect
1278	12	wall
2178	12	abuse
2411	12	true
1277	12	calls
4967	12	isis
4556	12	aint
310	12	leftright
2967	12	fit
5137	13	course
4830	13	skin
2085	13	legal
3141	13	southafrica
161	13	million
2284	13	privilege
4039	13	parent
3430	13	full
1048	13	turn
5097	13	gop
4006	13	mr
2765	13	selection
4707	13	better
3976	13	last
5528	13	islamic
4058	13	antisemitism
1333	13	bully
2153	13	stl
35	13	obamas
5376	13	everyone
3578	13	bag
4474	13	enough
960	13	putinschoice
4540	13	truth
3194	13	speech
2946	13	pc
3695	13	kid
1485	13	toward
340	13	twitter
912	13	accept
5430	13	unity
4576	13	gee
5063	13	term
4672	13	could
2374	13	homophobic
99	13	met
2870	13	sue
2851	13	city
5079	13	name
3304	13	xenophobia
4861	13	family
1535	13	australia
2716	13	plan
1905	14	pot
4160	14	india
4484	14	dumb
5384	14	open
2372	14	hear
4084	14	democrat
2475	14	color
1933	14	check
3178	14	quest
4726	14	plain
5458	14	russia
4711	14	sme
2371	14	remarks
4239	14	roll
5594	14	game
3119	14	dc
369	14	culture
2116	14	talking
2888	14	life
1612	14	liar
5298	14	lame
2918	14	bar
2832	14	tcot
1083	14	law
2783	14	far
5573	14	everyon
2872	14	gon
2088	14	videos
1747	14	impo
3089	14	surprise
5001	14	others
5599	14	lost
4785	14	oft
2987	14	twitte
2101	14	elections
2181	15	jeff
1633	15	newyork
5438	15	high
1308	15	used
4320	15	order
4382	15	someone
2913	15	hood
3696	15	japan
2484	15	may
3684	15	fake
1165	15	officer
2196	15	religion
5037	15	next
2062	15	arm
4415	15	allow
3823	15	present
3959	15	traitor
4155	15	african
2665	15	carlpaladino
4183	15	fascism
466	15	claim
2100	15	business
4800	15	marks
3886	15	adl
2263	15	always
3315	15	death
3817	15	wait
4237	15	move
1377	15	treason
2858	15	stupid
2711	15	type
3782	15	needs
5445	15	heck
5372	16	point
4773	16	hillary
38	16	alway
2410	16	chair
4149	16	sessions
175	16	islamopho
3296	16	fire
3466	16	nazis
3686	16	fat
2638	16	job
4370	16	grou
2852	16	resign
4327	16	opi
3444	16	ban
107	16	muslims
2541	16	mens
4286	16	resistance
5343	16	line
1772	17	gov
5391	17	play
5560	17	remark
167	17	expe
2471	17	gets
4444	17	problem
3083	17	rough
4352	17	blacks
3488	17	jews
3999	17	today
2816	17	christian
1237	17	add
2676	17	stance
1049	17	resent
2398	17	choice
4974	17	hard
3115	17	fascist
5197	17	watch
3955	17	ask
4324	17	change
4406	17	rise
5184	17	racial
4488	17	rage
4651	17	slave
2928	18	mad
4443	18	joke
51	18	exist
2455	18	watc
4423	18	diff
412	18	vile
5053	18	christia
5123	18	notmypresident
5124	18	net
2881	18	republican
3602	18	die
1717	18	system
1140	18	asian
103	18	rights
5559	18	going
76	18	ignorance
2509	18	lying
1500	18	country
2589	18	wing
1981	18	well
1421	19	rid
4791	19	super
2216	19	ppl
2723	19	protest
2145	19	fun
252	19	done
1624	19	ways
5579	19	makes
5133	19	mc
3249	19	cp
1472	19	doesnt
3195	19	speak
2796	19	busi
3574	19	hole
1106	19	days
5273	20	happy
357	20	gt
2200	20	asia
1250	20	yes
2138	20	inwords
3027	20	feminismiscancer
1644	20	also
5597	20	cent
3392	20	person
2442	20	stem
2426	20	fear
2535	20	feminismisterrorism
774	20	ignored
5601	20	factory
5651	20	lose
4242	20	donald
1658	20	class
232	20	feminismmuktbharat
2465	20	shes
2224	21	duca
3742	21	mill
1246	21	leadership
4342	21	social
798	21	gb
2774	21	bigotry
1381	21	reg
129	21	lies
3891	21	hot
2017	21	inword
2558	21	antiracism
5495	21	blacklivesmatter
5069	21	michelle
3261	21	child
3426	21	bit
3023	22	reason
4447	22	office
3708	22	emiratis
2586	22	cow
1874	22	york
3549	22	pop
4683	22	action
1647	22	bet
593	22	reali
2382	22	those
1349	22	emb
3121	22	girls
780	22	hang
5215	22	give
241	22	under
3617	22	newyear
1176	22	americans
3665	22	leaders
503	22	fan
2405	22	theres
2984	22	national
1202	22	nword
3929	22	thought
1779	22	saying
4829	22	justice
3041	22	daily
1825	22	must
3816	22	seashepherd
4309	22	attack
52	22	lid
53	22	each
5019	22	eren
5207	22	putins
4799	22	much
1457	22	post
4205	22	rape
507	23	hair
4424	23	sad
4988	23	boycott
82	23	really
492	23	election
5068	23	blacklives
2358	23	actor
44	23	light
4067	23	emirati
4118	23	cons
1902	23	years
1041	23	please
92	23	notmypres
4582	24	org
4555	24	kind
2537	24	boricua
5666	24	liz
4992	24	ating
5265	24	ignore
378	24	shit
4994	24	press
2217	24	school
3939	24	power
5459	24	emirat
5016	24	believe
3379	24	cult
1771	24	misogyny
4407	24	malevote
552	25	many
4207	25	help
2956	25	history
684	25	non
3990	25	suppoers
1702	25	self
2095	25	human
658	25	south
2199	25	maga
2107	25	sign
4631	25	inn
1101	25	state
4574	25	nothing
4001	25	yr
2894	26	hope
4358	26	teambts
4504	26	vandalised
1782	26	temple
5024	26	dec
2927	26	cept
4063	26	wso
264	26	condemns
3516	26	trumps
863	27	pic
1766	27	condemn
872	27	sikh
4192	27	know
177	27	calgary
3435	27	porn
198	27	kill
757	27	misogynist
3063	28	left
584	28	leader
4660	28	still
5041	28	israel
1730	28	these
2710	28	won
3263	28	suppoer
4855	28	hip
815	28	face
320	28	demo
1899	28	fea
2955	28	equality
671	28	sic
2031	29	tie
4638	29	arc
193	29	hed
1593	29	eff
5029	29	mark
2323	29	form
4979	30	disc
4727	30	altright
2014	30	rest
4918	30	old
3800	30	christmas
2166	30	bs
2025	30	book
1541	30	fact
4059	30	stand
2981	30	sing
2961	30	mps
4455	30	public
74	30	kkk
2173	31	rant
3919	31	putin
1673	31	mean
1209	31	terrorism
460	31	them
5314	31	talk
1971	31	whites
173	31	hispanic
544	31	brexit
4860	31	though
3982	31	words
4769	31	story
2751	31	count
517	32	tampa
1839	32	hatred
1681	32	lead
1506	32	latest
1490	32	nazi
4295	32	same
5537	32	resist
2698	32	cam
2499	32	muslim
2380	32	wish
5494	33	media
43	33	exit
4589	33	elect
86	33	land
2992	33	great
5334	33	guy
4341	33	sit
4432	33	spo
3588	34	less
3449	34	heres
1239	34	blm
1719	34	work
5172	34	police
2055	34	hell
1257	34	equal
1799	35	africa
2066	35	isr
17	35	back
1497	36	bus
4526	36	into
4527	36	carl
71	36	love
4595	36	jew
3250	36	row
5224	36	him
2009	37	ape
4381	37	nds
2429	37	dl
2350	37	world
3852	37	were
3441	38	aus
2237	38	time
1008	38	pay
5275	38	look
3586	38	lives
3626	38	put
1555	38	usa
5157	38	even
5086	39	good
1735	39	boy
27	39	sam
4653	39	comments
2721	39	free
3546	40	most
125	40	show
5210	40	nia
3491	41	eu
3447	41	think
5196	41	able
5106	41	american
2522	41	cat
4639	41	shepherd
5373	41	boo
2720	42	ref
3838	42	ana
1434	42	win
169	42	eco
4630	43	paladino
3520	43	way
4700	43	low
4396	44	thank
908	44	news
375	44	never
2623	44	matter
5624	45	come
703	45	leg
312	45	make
2365	45	uk
3169	45	woman
4022	45	ark
609	46	need
1522	46	eac
3046	46	hea
2775	46	should
2461	46	terror
1169	46	see
5237	46	miami
3977	46	being
2114	47	neve
1151	47	error
4307	47	only
2809	47	sma
5580	47	islam
1355	47	late
682	47	male
4034	48	via
4110	48	would
15	48	alt
1078	48	stomping
3139	48	mon
771	49	lg
1236	49	christ
1688	50	cc
2976	50	ring
2356	51	video
270	51	every
560	51	chri
1467	52	read
4225	52	comment
5363	53	suppo
1129	53	girl
4747	54	tory
84	54	fuck
1384	55	team
137	56	word
5663	56	let
3841	57	war
2707	57	pen
2125	58	president
2893	58	rep
5449	58	lie
3123	58	bigot
2104	59	test
5359	59	col
2931	60	day
706	61	car
3515	61	listen
4854	62	med
1192	62	stop
234	64	try
4887	65	against
2949	65	nation
2578	66	year
2575	67	sea
5048	67	live
669	68	real
1570	68	dem
5425	68	race
158	68	vote
4565	69	app
1067	69	ash
4168	69	gen
717	69	vid
2826	70	call
2897	70	other
255	70	top
5352	70	lan
937	71	big
2833	71	thing
228	72	vot
2082	72	own
5390	72	yea
4752	75	mil
5059	75	ally
3552	75	pos
4405	76	sjw
4080	76	get
5533	76	off
3246	77	anti
2960	77	tea
1819	78	feminism
4748	80	nor
597	80	wn
2649	81	king
4519	81	sex
4808	82	again
701	84	tho
2681	85	tis
2496	85	age
2242	85	son
3621	85	shi
737	88	over
1587	89	right
3079	91	list
538	91	hu
4761	92	ran
3199	92	allahsoil
1226	96	women
2298	96	liberal
4633	97	eat
5325	97	per
5282	97	anc
2480	98	politics
1367	99	racism
391	101	obama
3570	101	they
3086	104	pres
5222	107	she
2627	108	bama
3761	108	people
2532	110	america
5163	110	hate
351	110	ass
269	111	merica
4862	112	bout
2423	112	erica
3052	113	oil
2648	115	end
5627	119	act
3828	119	racist
1795	119	thin
3664	120	kin
2412	121	sho
3372	126	rat
5514	135	ect
1893	144	red
3496	146	sta
3820	147	like
2407	150	libtard
1275	151	one
407	153	ear
1044	155	rr
4079	157	con
657	159	ris
588	159	new
1662	168	ill
1553	172	ove
109	186	ki
1256	188	man
615	198	black
4961	203	lack
750	211	eve
3109	220	bla
3537	221	racis
4055	227	white
2682	228	out
2593	244	go
102	253	lib
1071	259	hit
192	277	ht
4068	279	her
3657	283	trump
3781	293	vi
1992	325	id
1656	347	rac
1955	377	ss
3281	511	us
358	893	ed
